OrganisationURI,OrganisationLabel,SiteReference,PreviouslyPartOf,SiteNameAddress,SiteplanURL,CoordinateReferenceSystem,GeoX,GeoY,Hectares,OwnershipStatus,Deliverable,PlanningStatus,PermissionType,PermissionDate,PlanningHistory,ProposedForPIP,MinNetDwellings,DevelopmentDescription,NonHousingDevelopment,Part2,NetDwellingsRangeFrom,NetDwellingsRangeTo,HazardousSubstances,SiteInformation,Notes,FirstAddedDate,LastUpdatedDate,Easting,Northing,PreviousReference,SHLAAReference
http://opendatacommunities.org/id/metropolitan-district-council/wakefield,Wakefield Council,BLR17003,,"""Land off Cambridge Street, Castleford""",http://map.wakefield.gov.uk/connect/analyst/?mapcfg=BLregister&x=442937&y=425514&zoom=10,ETRS89,-1.351488,53.7241,0.31,unknown ownership,,not permissioned,,,https://planning.wakefield.gov.uk/online-applications/applicationDetails.do?activeTab=summary&keyVal=J39E10QQ95000,,57,,,,57,57,,,,2017-12-31,2017-12-31,442937,425514,,18
http://opendatacommunities.org/id/metropolitan-district-council/wakefield,Wakefield Council,BLR17005,,"""Sartek Uk Ltd Savile Road, Castleford""",http://map.wakefield.gov.uk/connect/analyst/?mapcfg=BLregister&x=442889&y=425493&zoom=10,ETRS89,-1.359468,53.72734,0.15,unknown ownership,,not permissioned,,,https://planning.wakefield.gov.uk/online-applications/applicationDetails.do?activeTab=summary&keyVal=MAWURDQQ04200,,40,,,,40,40,,,,2017-12-31,2017-12-31,442889,425493,,700
http://opendatacommunities.org/id/metropolitan-district-council/wakefield,Wakefield Council,BLR17006,,"""1 - 3 Vickers Street, Castleford""",http://map.wakefield.gov.uk/connect/analyst/?mapcfg=BLregister&x=442951&y=425579&zoom=10,ETRS89,-1.350538,53.724875,0.03,unknown ownership,,not permissioned,,,https://planning.wakefield.gov.uk/online-applications/applicationDetails.do?activeTab=summary&keyVal=JDR7RPQQN5000,,7,,,,7,7,,,,2017-12-31,2017-12-31,442951,425579,,784
http://opendatacommunities.org/id/metropolitan-district-council/wakefield,Wakefield Council,BLR17007,,"""Castleford Tigers Ground, Wheldon Road, Castleford""",http://map.wakefield.gov.uk/connect/analyst/?mapcfg=BLregister&x=443634&y=426112&zoom=10,ETRS89,-1.340105,53.729603,3.85,unknown ownership,,not permissioned,,,,,105,,"This area, and in particular the former colliery sites and chemicals plant, is ideally suited to mixed use development,
including the provision of public open space, local leisure facilities, and both residential and industrial / commercial
development op",,105,105,,,,2017-12-31,2017-12-31,443634,426112,SPA4 (iii),874
http://opendatacommunities.org/id/metropolitan-district-council/wakefield,Wakefield Council,BLR17008,,"""Land at Pemberton Drive, Castleford""",http://map.wakefield.gov.uk/connect/analyst/?mapcfg=BLregister&x=444785&y=425750&zoom=10,ETRS89,-1.322717,53.726255,2.19,owned by a public authority,,not permissioned,,,,,87,,"This area, and in particular the former colliery sites and chemicals plant, is ideally suited to mixed use development,
including the provision of public open space, local leisure facilities, and both residential and industrial / commercial
development op",,87,87,,,,2017-12-31,2017-12-31,444785,425750,SPA4 (iv),877
http://opendatacommunities.org/id/metropolitan-district-council/wakefield,Wakefield Council,BLR17009,,"""Land at Saxon Way, Castleford""",http://map.wakefield.gov.uk/connect/analyst/?mapcfg=BLregister&x=444511&y=425819&zoom=10,ETRS89,-1.326863,53.726899,6.07,owned by a public authority,,not permissioned,,,,,242,,"This area, and in particular the former colliery sites and chemicals plant, is ideally suited to mixed use development,
including the provision of public open space, local leisure facilities, and both residential and industrial / commercial
development op",,242,242,,,,2017-12-31,2017-12-31,444511,425819,SPA4 (v),879
http://opendatacommunities.org/id/metropolitan-district-council/wakefield,Wakefield Council,BLR17010,,"""Former C6 Solutions Centre, Castleford""",http://map.wakefield.gov.uk/connect/analyst/?mapcfg=BLregister&x=443343&y=426440&zoom=10,ETRS89,-1.344479,53.732576,37.15,unknown ownership,,not permissioned,,,,,300,,"This area, and in particular the former colliery sites and chemicals plant, is ideally suited to mixed use development,
including the provision of public open space, local leisure facilities, and both residential and industrial / commercial
development op",,300,300,,,,2017-12-31,2017-12-31,443343,426440,SPA4 (vi),880
http://opendatacommunities.org/id/metropolitan-district-council/wakefield,Wakefield Council,BLR17012,,"""Bus Depot Wheldon Road, Castleford""",http://map.wakefield.gov.uk/connect/analyst/?mapcfg=BLregister&x=443197&y=425897&zoom=10,ETRS89,-1.346761,53.727708,1.39,unknown ownership,,not permissioned,,,,,55,,"This area, and in particular the former colliery sites and chemicals plant, is ideally suited to mixed use development,
including the provision of public open space, local leisure facilities, and both residential and industrial / commercial
development op",,55,55,,,,2017-12-31,2017-12-31,443197,425897,SPA4 (xiii),120349
http://opendatacommunities.org/id/metropolitan-district-council/wakefield,Wakefield Council,BLR17013,,"""Nestle Site, Wheldon Road, Castleford""",http://map.wakefield.gov.uk/connect/analyst/?mapcfg=BLregister&x=443302&y=425971&zoom=10,ETRS89,-1.345156,53.728367,3.47,unknown ownership,,not permissioned,,,,,155,,"This area, and in particular the former colliery sites and chemicals plant, is ideally suited to mixed use development,
including the provision of public open space, local leisure facilities, and both residential and industrial / commercial
development op",,155,155,,,,2017-12-31,2017-12-31,443302,425971,SPA4 (xii),120367
http://opendatacommunities.org/id/metropolitan-district-council/wakefield,Wakefield Council,BLR17014,,"""The Old Vicarage, Castleford""",http://map.wakefield.gov.uk/connect/analyst/?mapcfg=BLregister&x=440362&y=424421&zoom=10,ETRS89,-1.389921,53.714672,0.26,unknown ownership,,not permissioned,,,https://planning.wakefield.gov.uk/online-applications/applicationDetails.do?activeTab=summary&keyVal=M704HXQQ04200,,5,,,,5,5,,,,2017-12-31,2017-12-31,440362,424421,,120232
http://opendatacommunities.org/id/metropolitan-district-council/wakefield,Wakefield Council,BLR17015,,"""194 Holywell Lane, Castleford""",http://map.wakefield.gov.uk/connect/analyst/?mapcfg=BLregister&x=444891&y=424738&zoom=10,ETRS89,-1.321258,53.71715,0.2,unknown ownership,yes,permissioned,full planning permission,2008-07-29,https://planning.wakefield.gov.uk/online-applications/applicationDetails.do?activeTab=summary&keyVal=N29KGJQQ01S00,,5,"Erection of 5no new dwellings, demolition of extension and outbuildings and associated works",,,,,,,14/00545/FUL,2017-12-31,2017-12-31,444891,424738,,1140
http://opendatacommunities.org/id/metropolitan-district-council/wakefield,Wakefield Council,BLR17016,,"""Holy Cross Parochial Church The Mount, Airedale, Castleford""",http://map.wakefield.gov.uk/connect/analyst/?mapcfg=BLregister&x=445154&y=425483&zoom=10,ETRS89,-1.317173,53.723827,0.11,unknown ownership,yes,permissioned,full planning permission,2008-11-13,https://planning.wakefield.gov.uk/online-applications/applicationDetails.do?activeTab=summary&keyVal=N59F4SQQ01T00,,6,Residential development (6no. dwellings),,,,,,,14/01047/FUL,2017-12-31,2017-12-31,445154,425483,,1149
http://opendatacommunities.org/id/metropolitan-district-council/wakefield,Wakefield Council,BLR17017,,"""14, 16, 18  Carlton Street, Castleford""",http://map.wakefield.gov.uk/connect/analyst/?mapcfg=BLregister&x=443009&y=425793&zoom=10,ETRS89,-1.349633,53.726792,0.02,unknown ownership,yes,permissioned,full planning permission,2012-08-31,https://planning.wakefield.gov.uk/online-applications/applicationDetails.do?activeTab=summary&keyVal=M5JT4WQQ04200,,6,Formation of 6no. one and two bedroom flats at first and second floors,,,,,,,12/01261/FUL,2017-12-31,2017-12-31,443009,425793,,313208
http://opendatacommunities.org/id/metropolitan-district-council/wakefield,Wakefield Council,BLR17018,,"""Yorkshire Rose PH, Castleford""",http://map.wakefield.gov.uk/connect/analyst/?mapcfg=BLregister&x=442051&y=424974&zoom=10,ETRS89,-1.364261,53.719511,0.42,unknown ownership,,not permissioned,,,https://planning.wakefield.gov.uk/online-applications/applicationDetails.do?activeTab=summary&keyVal=MHHEJXQQ01T00,,14,,,,14,14,,,,2017-12-31,2017-12-31,442051,424974,None,314024
http://opendatacommunities.org/id/metropolitan-district-council/wakefield,Wakefield Council,BLR17019,,"""Aire St/Bridge St/Sagar St/ Back Wesley St, Castleford""",http://map.wakefield.gov.uk/connect/analyst/?mapcfg=BLregister&x=442942&y=425823&zoom=10,ETRS89,-1.350635,53.727063,0.6,mixed ownership,,not permissioned,,,https://planning.wakefield.gov.uk/online-applications/applicationDetails.do?activeTab=summary&keyVal=LT1NHGQQ04200,,80,,,,80,80,,,11/02126/RPP,2017-12-31,2017-12-31,442942,425823,,1145
http://opendatacommunities.org/id/metropolitan-district-council/wakefield,Wakefield Council,BLR17020,,"""Leeds Road/Lagentium Plaza (Junction), Castleford""",http://map.wakefield.gov.uk/connect/analyst/?mapcfg=BLregister&x=443422&y=424567&zoom=10,ETRS89,-1.343547,53.715737,0.07,unknown ownership,yes,permissioned,outline planning permission,2016-01-15,https://planning.wakefield.gov.uk/online-applications/applicationDetails.do?activeTab=summary&keyVal=NT0FY8QQ07R00,,11,Erection of 11no apartments on redundant car park,,,,,,,15/01958/OUT,2017-12-31,2017-12-31,443422,424567,None,160112
http://opendatacommunities.org/id/metropolitan-district-council/wakefield,Wakefield Council,BLR17021,,"""Lumley Street, Castleford""",http://map.wakefield.gov.uk/connect/analyst/?mapcfg=BLregister&x=441652&y=424899&zoom=10,ETRS89,-1.370318,53.718869,4.64,unknown ownership,yes,permissioned,outline planning permission,2016-02-25,https://planning.wakefield.gov.uk/online-applications/applicationDetails.do?activeTab=summary&keyVal=NLVG5WQQH0Z00,,100,Demolition of existing buildings and outline application for circa 100 dwellings and construction of a new Childrens and Adolescent Mental Health (CAMHS) care facility including details of proposed vehicular access,Demolition of existing buildings and outline application for circa 100 dwellings and construction of a new Childrens and Adolescent Mental Health (CAMHS) care facility including details of proposed vehicular access,,,,,,15/00772/OUT,2017-12-31,2017-12-31,441652,424899,None,160113
http://opendatacommunities.org/id/metropolitan-district-council/wakefield,Wakefield Council,BLR17022,,"""Cinder Lane (former Lambsons site), Castleford""",http://map.wakefield.gov.uk/connect/analyst/?mapcfg=BLregister&x=442278&y=426065&zoom=10,ETRS89,-1.360677,53.729293,7.86,unknown ownership,yes,permissioned,outline planning permission,2007-08-31,https://planning.wakefield.gov.uk/online-applications/applicationDetails.do?activeTab=summary&keyVal=ZZZVP8QQXC563,,1022,Residential development (up to 1337 units) with associated infrastructure; commercial uses (A1 & A3) public open space & leisure facilities (outline),Residential development (up to 1337 units) with associated infrastructure; commercial uses (A1 & A3) public open space & leisure facilities (outline),,,,,,05/99/18971/AW,2017-12-31,2017-12-31,442278,426065,,830
http://opendatacommunities.org/id/metropolitan-district-council/wakefield,Wakefield Council,BLR17023,,"""Castleford Waterfront, Castleford""",http://map.wakefield.gov.uk/connect/analyst/?mapcfg=BLregister&x=442722&y=425922&zoom=10,ETRS89,-1.353956,53.72797,2.91,mixed ownership,,not permissioned,,,,,5,,"This site should be developed for a range of main town centre uses which could include leisure, office and retail development.
It may also contain residential development.",,5,5,,,,2017-12-31,2017-12-31,442722,425922,DEV 3,160120
http://opendatacommunities.org/id/metropolitan-district-council/wakefield,Wakefield Council,BLR17024,,"""The New Airedale, Castleford""",http://map.wakefield.gov.uk/connect/analyst/?mapcfg=BLregister&x=444868&y=424813&zoom=10,ETRS89,-1.321599,53.717828,0.12,unknown ownership,yes,permissioned,full planning permission,2017-03-22,https://planning.wakefield.gov.uk/online-applications/applicationDetails.do?activeTab=summary&keyVal=OHG6ESQQN5200,,5,"Change of use of ground floor to retail (A1) and first and second floors to residential (C3) (5no. flats), demolition of existing outbuildings to rear, erection of single storey extension to rear and other external alterations",,,,,,,16/02954/FUL,2017-12-31,2017-12-31,444868,424813,,170110
http://opendatacommunities.org/id/metropolitan-district-council/wakefield,Wakefield Council,BLR17029,,"""R/o 36 Green Lane, Featherstone""",http://map.wakefield.gov.uk/connect/analyst/?mapcfg=BLregister&x=442648&y=420771&zoom=10,ETRS89,-1.355792,53.681685,0.08,unknown ownership,,not permissioned,,,https://planning.wakefield.gov.uk/online-applications/applicationDetails.do?activeTab=summary&keyVal=JLBXIPQQ95000,,8,,,,8,8,,,,2017-12-31,2017-12-31,442648,420771,,139
http://opendatacommunities.org/id/metropolitan-district-council/wakefield,Wakefield Council,BLR17030,,"""Adj Vicarage Street (Site A), Post Office Road, Featherstone""",http://map.wakefield.gov.uk/connect/analyst/?mapcfg=BLregister&x=442773&y=420309&zoom=10,ETRS89,-1.353956,53.677518,0.1,unknown ownership,yes,permissioned,full planning permission,2015-11-04,https://planning.wakefield.gov.uk/online-applications/applicationDetails.do?activeTab=summary&keyVal=NOPBWXQQ01T00,,6,"Residential development (Site B) of 6 houses",,,,,,,15/01260/FUL,2017-12-31,2017-12-31,442773,420309,,146
http://opendatacommunities.org/id/metropolitan-district-council/wakefield,Wakefield Council,BLR17031,,"""Adj 2 Post office Road (Site B), Featherstone""",http://map.wakefield.gov.uk/connect/analyst/?mapcfg=BLregister&x=442594&y=420340&zoom=10,ETRS89,-1.356669,53.677813,0.1,unknown ownership,yes,permissioned,full planning permission,2015-09-08,https://planning.wakefield.gov.uk/online-applications/applicationDetails.do?activeTab=summary&keyVal=NOPC70QQ01T00,,7,Residential development (Site A) of 7 houses.,,,,,,,15/01261/FUL,2017-12-31,2017-12-31,442594,420340,,147
http://opendatacommunities.org/id/metropolitan-district-council/wakefield,Wakefield Council,BLR17033,,"""Highways Depot, Hemsworth Lane, Fitzwilliam""",http://map.wakefield.gov.uk/connect/analyst/?mapcfg=BLregister&x=441101&y=415870&zoom=10,ETRS89,-1.379852,53.637758,0.8,unknown ownership,yes,permissioned,reserved matters approval,2016-12-08,https://planning.wakefield.gov.uk/online-applications/applicationDetails.do?activeTab=summary&keyVal=O8CV6WQQIZM00,,27,Residential development 27no. dwellings (landscaping details pursuant to 13/01949/OUT),,,,,,,16/01399/REM,2017-12-31,2017-12-31,441101,415870,,120357
http://opendatacommunities.org/id/metropolitan-district-council/wakefield,Wakefield Council,BLR17035,,"""The Rovers Return, Fitzwilliam""",http://map.wakefield.gov.uk/connect/analyst/?mapcfg=BLregister&x=441157&y=415584&zoom=10,ETRS89,-1.379045,53.635187,0.21,unknown ownership,yes,permissioned,outline planning permission,2015-05-01,https://planning.wakefield.gov.uk/online-applications/applicationDetails.do?activeTab=summary&keyVal=NJ7BHQQQFRV00,,8,"Outline Application for three Townhouses, and four Semi-Detached Houses and one detached house (following demolition of the existing public house)",,,,,,,15/00269/OUT,2017-12-31,2017-12-31,441157,415584,None,160801
http://opendatacommunities.org/id/metropolitan-district-council/wakefield,Wakefield Council,BLR17036,,"""Our Lady Of Graces Church & Presbytery, Kinsley""",http://map.wakefield.gov.uk/connect/analyst/?mapcfg=BLregister&x=441753&y=414566&zoom=10,ETRS89,-1.370171,53.625987,0.28,unknown ownership,yes,permissioned,full planning permission,2015-09-24,https://planning.wakefield.gov.uk/online-applications/applicationDetails.do?activeTab=summary&keyVal=NEVWNOQQ90000,,10,Residential development (10no. dwellings) including demolition of existing church,,,,,,,14/02472/FUL,2017-12-31,2017-12-31,441753,414566,None,160804
http://opendatacommunities.org/id/metropolitan-district-council/wakefield,Wakefield Council,BLR17038,,"""Health Centre, Highfield Road, Hemsworth""",http://map.wakefield.gov.uk/connect/analyst/?mapcfg=BLregister&x=442842&y=412928&zoom=10,ETRS89,-1.353925,53.611174,0.21,unknown ownership,,not permissioned,,,https://planning.wakefield.gov.uk/online-applications/applicationDetails.do?activeTab=summary&keyVal=M5X9AAQQ90000,,11,,,,11,11,,,,2017-12-31,2017-12-31,442842,412928,,338
http://opendatacommunities.org/id/metropolitan-district-council/wakefield,Wakefield Council,BLR17039,,"""Union House, 55 Southmoor Road, Hemsworth""",http://map.wakefield.gov.uk/connect/analyst/?mapcfg=BLregister&x=443020&y=412624&zoom=10,ETRS89,-1.351275,53.608428,0.05,unknown ownership,,not permissioned,,,,,10,,,,10,10,,,,2017-12-31,2017-12-31,443020,412624,,712
http://opendatacommunities.org/id/metropolitan-district-council/wakefield,Wakefield Council,BLR17040,,"""West End, Hemsworth""",http://map.wakefield.gov.uk/connect/analyst/?mapcfg=BLregister&x=442314&y=413231&zoom=10,ETRS89,-1.361873,53.61394,2.32,owned by a public authority,,not permissioned,,,,,160,,,,160,160,,,,2017-12-31,2017-12-31,442314,413231,HS55,894
http://opendatacommunities.org/id/metropolitan-district-council/wakefield,Wakefield Council,BLR17042,,"""Fire Station, Hemsworth""",http://map.wakefield.gov.uk/connect/analyst/?mapcfg=BLregister&x=442754&y=413412&zoom=10,ETRS89,-1.355194,53.615537,0.14,unknown ownership,yes,permissioned,full planning permission,2015-10-26,https://planning.wakefield.gov.uk/online-applications/applicationDetails.do?activeTab=summary&keyVal=OC5V3VQQKPO00,,5,"Erection of 5no. houses.",,,,,,,16/02066/FUL,2017-12-31,2017-12-31,442754,413412,None,237608
http://opendatacommunities.org/id/metropolitan-district-council/wakefield,Wakefield Council,BLR17043,,"""The Market Kirkby Road Hemsworth, Hemsworth""",http://map.wakefield.gov.uk/connect/analyst/?mapcfg=BLregister&x=443046&y=412768&zoom=10,ETRS89,-1.350867,53.609725,0.57,owned by a public authority,,not permissioned,,,,,17,,This site should be developed for main town centre uses. Residential development would also be acceptable.,,17,17,,,,2017-12-31,2017-12-31,443046,412768,DEV9,160813
http://opendatacommunities.org/id/metropolitan-district-council/wakefield,Wakefield Council,BLR17044,,"""Adj Quarry Inn, Quarry Hill, Horbury""",http://map.wakefield.gov.uk/connect/analyst/?mapcfg=BLregister&x=428900&y=418106&zoom=10,ETRS89,-1.564178,53.658672,0.13,unknown ownership,,not permissioned,,,,,7,,,,7,7,,,,2017-12-31,2017-12-31,428900,418106,,482
http://opendatacommunities.org/id/metropolitan-district-council/wakefield,Wakefield Council,BLR17045,,"""Hawkingcroft Road (land off) Quarry Hill, Horbury""",http://map.wakefield.gov.uk/connect/analyst/?mapcfg=BLregister&x=428718&y=418201&zoom=10,ETRS89,-1.56692,53.65953,0.34,unknown ownership,,not permissioned,,,https://planning.wakefield.gov.uk/online-applications/applicationDetails.do?activeTab=summary&keyVal=ZZZVQGQQXC015,,10,,,,10,10,,,,2017-12-31,2017-12-31,428718,418201,,484
http://opendatacommunities.org/id/metropolitan-district-council/wakefield,Wakefield Council,BLR17046,,"""15 To 21 Westfield Road, & 2 To 4 Jenkin Road,Horbury""",http://map.wakefield.gov.uk/connect/analyst/?mapcfg=BLregister&x=429176&y=418357&zoom=10,ETRS89,-1.559966,53.660909,0.06,unknown ownership,,not permissioned,,,,,8,,,,8,8,,,,2017-12-31,2017-12-31,429176,418357,,536
http://opendatacommunities.org/id/metropolitan-district-council/wakefield,Wakefield Council,BLR17047,,"""Safeguard House, Millfield Road, Horbury""",http://map.wakefield.gov.uk/connect/analyst/?mapcfg=BLregister&x=430259&y=417633&zoom=10,ETRS89,-1.543656,53.654342,0.23,unknown ownership,,not permissioned,,,,,7,,,,7,7,,,,2017-12-31,2017-12-31,430259,417633,,540
http://opendatacommunities.org/id/metropolitan-district-council/wakefield,Wakefield Council,BLR17048,,"""Spring Garage, Cluntergate, Horbury""",http://map.wakefield.gov.uk/connect/analyst/?mapcfg=BLregister&x=429822&y=418172&zoom=10,ETRS89,-1.55021,53.659211,0.05,unknown ownership,,not permissioned,,,,,6,,,,6,6,,,,2017-12-31,2017-12-31,429822,418172,,800
http://opendatacommunities.org/id/metropolitan-district-council/wakefield,Wakefield Council,BLR17049,,"""23 Twitch Hill, Horbury""",http://map.wakefield.gov.uk/connect/analyst/?mapcfg=BLregister&x=429586&y=418298&zoom=10,ETRS89,-1.553774,53.660357,0.12,unknown ownership,,not permissioned,,,https://planning.wakefield.gov.uk/online-applications/applicationDetails.do?activeTab=summary&keyVal=LX9LUXQQ01V00,,13,,,,13,13,,,,2017-12-31,2017-12-31,429586,418298,,1266
http://opendatacommunities.org/id/metropolitan-district-council/wakefield,Wakefield Council,BLR17051,,"""Medlock Road (Land At), Horbury""",http://map.wakefield.gov.uk/connect/analyst/?mapcfg=BLregister&x=429205&y=418440&zoom=10,ETRS89,-1.559527,53.661656,0.08,unknown ownership,yes,permissioned,full planning permission,2016-03-18,https://planning.wakefield.gov.uk/online-applications/applicationDetails.do?activeTab=summary&keyVal=NZ39EYQQMN700,,6,Demolition of Existing Garages & Proposed 6 Dwellings.,,,,,,,15/02921/FUL,2017-12-31,2017-12-31,429205,418440,None,161212
http://opendatacommunities.org/id/metropolitan-district-council/wakefield,Wakefield Council,BLR17052,,"""Land at  Quarry, Quarry Hill, Horbury""",http://map.wakefield.gov.uk/connect/analyst/?mapcfg=BLregister&x=428808&y=418159&zoom=10,ETRS89,-1.56556,53.659152,0.85,unknown ownership,yes,permissioned,reserved matters approval,2016-11-09,https://planning.wakefield.gov.uk/online-applications/applicationDetails.do?activeTab=summary&keyVal=O85JBKQQIWE00,,20,Residential development 20no. dwellings (reserved matters detail pursuant to 13/00523/RPP and 16/01408/FUL),,,,,,,16/01374/REM,2017-12-31,2017-12-31,428808,418159,HS69,483
http://opendatacommunities.org/id/metropolitan-district-council/wakefield,Wakefield Council,BLR17053,,"""R/o Quarry Hill, Horbury""",http://map.wakefield.gov.uk/connect/analyst/?mapcfg=BLregister&x=428784&y=418153&zoom=10,ETRS89,-1.565919,53.659097,0.16,unknown ownership,,not permissioned,,,,,6,,,,6,6,,,,2017-12-31,2017-12-31,428784,418153,,481
http://opendatacommunities.org/id/metropolitan-district-council/wakefield,Wakefield Council,BLR17055,,"""16 Spawd Bone Lane, Knottingley""",http://map.wakefield.gov.uk/connect/analyst/?mapcfg=BLregister&x=449727&y=423553&zoom=10,ETRS89,-1.248172,53.706065,0.3,unknown ownership,yes,permissioned,full planning permission,2016-09-12,https://planning.wakefield.gov.uk/online-applications/applicationDetails.do?activeTab=summary&keyVal=O8II0LQQJ2E00,,12,"Erection of 12 Dwellings (7 bungalows and 5 two storey dwellings) including Access Road, Associated Parking and Garden Areas",,,,,,,16/01436/FUL,2017-12-31,2017-12-31,449727,423553,,120259
http://opendatacommunities.org/id/metropolitan-district-council/wakefield,Wakefield Council,BLR17056,,"""Headlands Business Centre, Knottingley""",http://map.wakefield.gov.uk/connect/analyst/?mapcfg=BLregister&x=449134&y=423412&zoom=10,ETRS89,-1.257181,53.704853,0.24,unknown ownership,,not permissioned,,,https://planning.wakefield.gov.uk/online-applications/applicationDetails.do?activeTab=summary&keyVal=LIKC89QQ90000,,12,,,,12,12,,,,2017-12-31,2017-12-31,449134,423412,,120261
http://opendatacommunities.org/id/metropolitan-district-council/wakefield,Wakefield Council,BLR17057,,"""Former British Legion Hall, Knottingley""",http://map.wakefield.gov.uk/connect/analyst/?mapcfg=BLregister&x=450309&y=423989&zoom=10,ETRS89,-1.239288,53.709922,0.05,unknown ownership,,not permissioned,,,https://planning.wakefield.gov.uk/online-applications/applicationDetails.do?activeTab=summary&keyVal=LM475FQQ07R00,,8,,,,8,8,,,,2017-12-31,2017-12-31,450309,423989,,120262
http://opendatacommunities.org/id/metropolitan-district-council/wakefield,Wakefield Council,BLR17058,,"""Racca Green (land at), Knottingley""",http://map.wakefield.gov.uk/connect/analyst/?mapcfg=BLregister&x=450444&y=423710&zoom=10,ETRS89,-1.237286,53.707406,0.14,unknown ownership,,not permissioned,,,https://planning.wakefield.gov.uk/online-applications/applicationDetails.do?activeTab=summary&keyVal=KMGAAMQQ04200,,8,,,,8,8,,,,2017-12-31,2017-12-31,450444,423710,,120263
http://opendatacommunities.org/id/metropolitan-district-council/wakefield,Wakefield Council,BLR17059,,"""Former Easdale Foundry Site, Knottingley""",http://map.wakefield.gov.uk/connect/analyst/?mapcfg=BLregister&x=450564&y=424132&zoom=10,ETRS89,-1.235401,53.71119,0.16,unknown ownership,,not permissioned,,,https://planning.wakefield.gov.uk/online-applications/applicationDetails.do?activeTab=summary&keyVal=MO6AGYQQ06X00,,8,,,,8,8,,,,2017-12-31,2017-12-31,450564,424132,,120265
http://opendatacommunities.org/id/metropolitan-district-council/wakefield,Wakefield Council,BLR17060,,"""Former Quarry Womersley Road, Knottingley""",http://map.wakefield.gov.uk/connect/analyst/?mapcfg=BLregister&x=450326&y=423068&zoom=10,ETRS89,-1.239179,53.701643,7.77,unknown ownership,,not permissioned,,,https://planning.wakefield.gov.uk/online-applications/applicationDetails.do?activeTab=summary&keyVal=MB9TWFQQ08600,,165,,,,165,165,,,,2017-12-31,2017-12-31,450326,423068,HS40,1188
http://opendatacommunities.org/id/metropolitan-district-council/wakefield,Wakefield Council,BLR17061,,"""Adj 2a Holes Lane, Knottingley""",http://map.wakefield.gov.uk/connect/analyst/?mapcfg=BLregister&x=449128&y=423825&zoom=10,ETRS89,-1.257198,53.70856,0.08,unknown ownership,yes,permissioned,full planning permission,2007-01-05,https://planning.wakefield.gov.uk/online-applications/applicationDetails.do?activeTab=summary&keyVal=ZZZVOWQQXC889,,14,45No dwellings including car parking and landscaping,,,,,,,06/99/27539/D,2017-12-31,2017-12-31,449128,423825,,220
http://opendatacommunities.org/id/metropolitan-district-council/wakefield,Wakefield Council,BLR17062,,"""Land at A1 Business Park, Knottingley""",http://map.wakefield.gov.uk/connect/analyst/?mapcfg=BLregister&x=448090&y=423412&zoom=10,ETRS89,-1.272991,53.704948,1.09,unknown ownership,,not permissioned,,,,,32,,,,32,32,,,,2017-12-31,2017-12-31,448090,423412,HS42,981
http://opendatacommunities.org/id/metropolitan-district-council/wakefield,Wakefield Council,BLR17063,,"""Holyrood House, Knottingley""",http://map.wakefield.gov.uk/connect/analyst/?mapcfg=BLregister&x=449666&y=423553&zoom=10,ETRS89,-1.2491,53.706067,0.21,unknown ownership,yes,permissioned,outline planning permission,2015-07-14,https://planning.wakefield.gov.uk/online-applications/applicationDetails.do?activeTab=summary&keyVal=NKFHC5QQGCP00,,28,"Outline application for 28 unit independent living/sheltered housing facility with associated car parking (Access, Appearance, Layout, Scale).",,,,,,,15/00520/OUT,2017-12-31,2017-12-31,449666,423553,None,160501
http://opendatacommunities.org/id/metropolitan-district-council/wakefield,Wakefield Council,BLR17064,,"""Oxiris Chemical Works and Adjoining Common Lane, Knottingley""",http://map.wakefield.gov.uk/connect/analyst/?mapcfg=BLregister&x=451322&y=423490&zoom=10,ETRS89,-1.224024,53.70534,9.88,unknown ownership,,not permissioned,,,,,395,,,,395,395,,,,2017-12-31,2017-12-31,451322,423490,63145748,1058
http://opendatacommunities.org/id/metropolitan-district-council/wakefield,Wakefield Council,BLR17065,,"""Land at Ferrybridge Road, Knottingley""",http://map.wakefield.gov.uk/connect/analyst/?mapcfg=BLregister&x=449003&y=423774&zoom=10,ETRS89,-1.259116,53.708114,0.96,unknown ownership,yes,permissioned,full planning permission,2016-12-09,https://planning.wakefield.gov.uk/online-applications/applicationDetails.do?activeTab=summary&keyVal=O55PCWQQHKG00,,39,"Development of the site for 39 dwellings, including engineering operation for removal of limestone fines and imported material, backfill and compacting of the former quarry",,,,,,,16/00818/FUL,2017-12-31,2017-12-31,449003,423774,,170507
http://opendatacommunities.org/id/metropolitan-district-council/wakefield,Wakefield Council,BLR17067,,"""Stations Area, Normanton""",http://map.wakefield.gov.uk/connect/analyst/?mapcfg=BLregister&x=438264&y=422907&zoom=10,ETRS89,-2.840944,107.403429,9.87,unknown ownership,,not permissioned,,,,,409,,"The purpose of the
Special Policy Area is to assist regeneration by attracting investment in the town centre through infill development,
refurbishment and primarily brownfield redevelopment. The proposed mixed development land uses include housing,
office",,409,409,,,,2017-12-31,2017-12-31,438264,422907,SPA9,1125
http://opendatacommunities.org/id/metropolitan-district-council/wakefield,Wakefield Council,BLR17068,,"""152 Castleford Road, Normanton""",http://map.wakefield.gov.uk/connect/analyst/?mapcfg=BLregister&x=439164&y=423053&zoom=10,ETRS89,-1.408242,53.702469,0.05,unknown ownership,,not permissioned,,,https://planning.wakefield.gov.uk/online-applications/applicationDetails.do?activeTab=summary&keyVal=LH449JQQ01V00,,9,,,,9,9,,,,2017-12-31,2017-12-31,439164,423053,,1154
http://opendatacommunities.org/id/metropolitan-district-council/wakefield,Wakefield Council,BLR17069,,"""Empire House, 29  Wakefield Road, Normanton""",http://map.wakefield.gov.uk/connect/analyst/?mapcfg=BLregister&x=438239&y=422548&zoom=10,ETRS89,-1.422319,53.697997,0.1,unknown ownership,yes,permissioned,full planning permission,2009-09-25,https://planning.wakefield.gov.uk/online-applications/applicationDetails.do?activeTab=summary&keyVal=MOMPI7QQ04200,,12,Residential Development (12no flats) including partial demolition and extension of existing building (renewal of 09/00330/FUL),,,,,,,13/01794/RPP,2017-12-31,2017-12-31,438239,422548,,313019
http://opendatacommunities.org/id/metropolitan-district-council/wakefield,Wakefield Council,BLR17070,,"""Station Road/Normanton Sidings, Normanton""",http://map.wakefield.gov.uk/connect/analyst/?mapcfg=BLregister&x=438100&y=422807&zoom=10,ETRS89,-1.424384,53.700328,5.4,unknown ownership,,not permissioned,,,https://planning.wakefield.gov.uk/online-applications/applicationDetails.do?activeTab=summary&keyVal=MLV8C8QQ90000,,142,,,,142,142,,,,2017-12-31,2017-12-31,438100,422807,HS47,886
http://opendatacommunities.org/id/metropolitan-district-council/wakefield,Wakefield Council,BLR17072,,"""Victoria Mills, Ossett""",http://map.wakefield.gov.uk/connect/analyst/?mapcfg=BLregister&x=427982&y=419456&zoom=10,ETRS89,-1.577942,53.670848,3.91,unknown ownership,,not permissioned,,,,,117,,,,117,117,,,,2017-12-31,2017-12-31,427982,419456,HS73,1124
http://opendatacommunities.org/id/metropolitan-district-council/wakefield,Wakefield Council,BLR17073,,"""Former HETS Site, Ossett""",http://map.wakefield.gov.uk/connect/analyst/?mapcfg=BLregister&x=428451&y=419078&zoom=10,ETRS89,-1.570879,53.667431,0.52,unknown ownership,,not permissioned,,,https://planning.wakefield.gov.uk/online-applications/applicationDetails.do?activeTab=summary&keyVal=LYEVJYQQ08600,,14,,,,14,14,,,,2017-12-31,2017-12-31,428451,419078,HS71,120307
http://opendatacommunities.org/id/metropolitan-district-council/wakefield,Wakefield Council,BLR17074,,"""Ossett Fire Station, Ossett""",http://map.wakefield.gov.uk/connect/analyst/?mapcfg=BLregister&x=427927&y=420794&zoom=10,ETRS89,-1.578652,53.682876,0.35,unknown ownership,yes,permissioned,outline planning permission,2015-11-09,https://planning.wakefield.gov.uk/online-applications/applicationDetails.do?activeTab=summary&keyVal=NSVM0EQQJTJ00,,11,Outline Residential Development for up to 11 no. dwellings with means of access only and demolition of fire station.,,,,,,,15/01929/OUT,2017-12-31,2017-12-31,427927,420794,None,161207
http://opendatacommunities.org/id/metropolitan-district-council/wakefield,Wakefield Council,BLR17075,,"""Engineering Works, Ossett""",http://map.wakefield.gov.uk/connect/analyst/?mapcfg=BLregister&x=428616&y=419726&zoom=10,ETRS89,-1.568318,53.673245,0.4,unknown ownership,yes,permissioned,outline planning permission,2017-01-24,https://planning.wakefield.gov.uk/online-applications/applicationDetails.do?activeTab=summary&keyVal=OFDVDLQQM7600,,13,Outline planning permission for the erection of 13 No. Dwellings including means of access. The works would also include the demolition of the existing engineering works.,,,,,,,16/02605/OUT,2017-12-31,2017-12-31,428616,419726,None,161210
http://opendatacommunities.org/id/metropolitan-district-council/wakefield,Wakefield Council,BLR17076,,"""73 Church Street/Hirstlands Drive, Ossett""",http://map.wakefield.gov.uk/connect/analyst/?mapcfg=BLregister&x=427465&y=421404&zoom=10,ETRS89,-1.585596,53.68839,0.42,unknown ownership,yes,permissioned,full planning permission,2016-10-07,https://planning.wakefield.gov.uk/online-applications/applicationDetails.do?activeTab=summary&keyVal=O7Q9J1QQ01T00,,12,Construction of 12No dwellings and associated infrastructure,,,,,,,16/01301/FUL,2017-12-31,2017-12-31,427465,421404,,171210
http://opendatacommunities.org/id/metropolitan-district-council/wakefield,Wakefield Council,BLR17077,,"""Former Chapel Crossley Street, New Sharlston""",http://map.wakefield.gov.uk/connect/analyst/?mapcfg=BLregister&x=438149&y=420038&zoom=10,ETRS89,-1.423994,53.675442,0.17,unknown ownership,yes,permissioned,outline planning permission,2016-02-11,https://planning.wakefield.gov.uk/online-applications/applicationDetails.do?activeTab=summary&keyVal=NZGOPPQQMTF00,,6,Erection of residential development (maximum of 6 dwellings) and construction of an access road,,,,,,,15/02981/OUT,2017-12-31,2017-12-31,438149,420038,,353
http://opendatacommunities.org/id/metropolitan-district-council/wakefield,Wakefield Council,BLR17078,,"""Nevison Avenue (Land off), Pontefract""",http://map.wakefield.gov.uk/connect/analyst/?mapcfg=BLregister&x=446501&y=423087&zoom=10,ETRS89,-1.297112,53.702172,0.08,unknown ownership,,not permissioned,,,,,6,,,,6,6,,,,2017-12-31,2017-12-31,446501,423087,,161
http://opendatacommunities.org/id/metropolitan-district-council/wakefield,Wakefield Council,BLR17079,,"""Stringer's Garage, Slutwell Lane / Friarwood Lane, Pontefract""",http://map.wakefield.gov.uk/connect/analyst/?mapcfg=BLregister&x=445821&y=421910&zoom=10,ETRS89,-1.307591,53.691655,0.46,unknown ownership,,not permissioned,,,,,18,,,,18,18,,,,2017-12-31,2017-12-31,445821,421910,HS33,120376
http://opendatacommunities.org/id/metropolitan-district-council/wakefield,Wakefield Council,BLR17080,,"""Prince of Wales Colliery Park Road, Pontefract""",http://map.wakefield.gov.uk/connect/analyst/?mapcfg=BLregister&x=445486&y=422676&zoom=10,ETRS89,-1.317318,53.697474,16.86,unknown ownership,yes,permissioned,outline planning permission,2008-12-11,https://planning.wakefield.gov.uk/online-applications/applicationDetails.do?activeTab=summary&keyVal=MLV5QTQQ06E00,,576,S73 Variation of conditions from approved application 06/02544/OUT: Condition 5 ( Revised Notional Masterplan);6 ( Revised Notional Masterplan);7(Approved Plans);18 (Proposed 540 dwellings served from Park Road Access); 25 (Details of highway works).,,,,,,,13/01144/OUT,2017-12-31,2017-12-31,445486,422676,SPA6 (i),1169
http://opendatacommunities.org/id/metropolitan-district-council/wakefield,Wakefield Council,BLR17081,,"""Tanshelf Industrial Estate, Pontefract""",http://map.wakefield.gov.uk/connect/analyst/?mapcfg=BLregister&x=445229&y=422210&zoom=10,ETRS89,-1.315098,53.694632,2.3,mixed ownership,,not permissioned,,,,,60,,"The area is suitable for a mix of uses including employment, leisure and residential to complement Pontefract town centre.
Multi-story developments of up to 3-4 storeys within the gateway / main frontage site would be appropriate in principle.
Appropriate",,60,60,,,,2017-12-31,2017-12-31,445229,422210,SPA7,313168
http://opendatacommunities.org/id/metropolitan-district-council/wakefield,Wakefield Council,BLR17082,,"""52A Northgate, Pontefract""",http://map.wakefield.gov.uk/connect/analyst/?mapcfg=BLregister&x=445790&y=422155&zoom=10,ETRS89,-1.308014,53.693856,0.16,unknown ownership,yes,permissioned,full planning permission,2015-08-06,https://planning.wakefield.gov.uk/online-applications/applicationDetails.do?activeTab=summary&keyVal=NNKLMOQQHQ900,,14,"Demolition of existing building and erection of 3.no two storey apartment blocks accommodating a total of 14 apartments (7.no one Bed and 7.no two bed) including associated highway works, hard and soft landscaping, parking area, amenity areas, bin storage",,,,,,,15/01063/FUL,2017-12-31,2017-12-31,445790,422155,HS34,160402
http://opendatacommunities.org/id/metropolitan-district-council/wakefield,Wakefield Council,BLR17084,,"""31 Market Place, Pontefract""",http://map.wakefield.gov.uk/connect/analyst/?mapcfg=BLregister&x=445630&y=421847&zoom=10,ETRS89,-1.310484,53.691101,0.06,unknown ownership,yes,permissioned,full planning permission,2016-03-24,https://planning.wakefield.gov.uk/online-applications/applicationDetails.do?activeTab=summary&keyVal=NZT38UQQMZ100,,7,Change of use of part of ground floor and whole of upper floors to provide residential accommodation (7 no. flats) with associated external alterations and retention of ground floor retail unit,Change of use of part of ground floor and whole of upper floors to provide residential accommodation (7 no. flats) with associated external alterations and retention of ground floor retail unit,,,,,,15/03030/FUL,2017-12-31,2017-12-31,445630,421847,None,160412
http://opendatacommunities.org/id/metropolitan-district-council/wakefield,Wakefield Council,BLR17085,,"""Pontefract Barracks Depot, Pontefract""",http://map.wakefield.gov.uk/connect/analyst/?mapcfg=BLregister&x=444422&y=421358&zoom=10,ETRS89,-1.32884,53.686814,0.28,unknown ownership,yes,permissioned,full planning permission,2016-03-31,https://planning.wakefield.gov.uk/online-applications/applicationDetails.do?activeTab=summary&keyVal=NXX0IVQQM4800,,14,Demolition of existing council depot and erection of 6no two bedroom dwellings and 8no 3 bedroom dwellings.,,,,,,,15/02728/FUL,2017-12-31,2017-12-31,444422,421358,None,160413
http://opendatacommunities.org/id/metropolitan-district-council/wakefield,Wakefield Council,BLR17086,,"""Land between Horsefair and Northgate, Pontefract""",http://map.wakefield.gov.uk/connect/analyst/?mapcfg=BLregister&x=445844&y=422145&zoom=10,ETRS89,-1.307202,53.693762,2.13,unknown ownership,,not permissioned,,,,,61,,,,61,61,,,,2017-12-31,2017-12-31,445844,422145,HS34,1127
http://opendatacommunities.org/id/metropolitan-district-council/wakefield,Wakefield Council,BLR17087,,"""King Charles II House, Pontefract""",http://map.wakefield.gov.uk/connect/analyst/?mapcfg=BLregister&x=445475&y=421987&zoom=10,ETRS89,-1.312806,53.692379,0.12,unknown ownership,yes,permissioned,other,2014-09-08,https://planning.wakefield.gov.uk/online-applications/applicationDetails.do?activeTab=summary&keyVal=N8ULIXQQ08600,,60,Change of use from offices (B1a) to residential  (C3),,,,,,,14/01600/COU,2017-12-31,2017-12-31,445475,421987,None,160417
http://opendatacommunities.org/id/metropolitan-district-council/wakefield,Wakefield Council,BLR17089,,"""Former Prince of Wales Colliery - Monk Hill Triangle Site, Pontefract""",http://map.wakefield.gov.uk/connect/analyst/?mapcfg=BLregister&x=445266&y=422982&zoom=10,ETRS89,-1.315828,53.701337,13.55,unknown ownership,,not permissioned,,,,,544,,,,544,544,,,,2017-12-31,2017-12-31,445266,422982,HS35,1032
http://opendatacommunities.org/id/metropolitan-district-council/wakefield,Wakefield Council,BLR17091,,"""55A Northgate/Back Northgate (Land At), Pontefract""",http://map.wakefield.gov.uk/connect/analyst/?mapcfg=BLregister&x=445742&y=422222&zoom=10,ETRS89,-1.308742,53.694463,0.21,unknown ownership,yes,permissioned,outline planning permission,2016-12-16,https://planning.wakefield.gov.uk/online-applications/applicationDetails.do?activeTab=summary&keyVal=O7ON1WQQIPW00,,14,Demolition of existing commercial buildings on site and construction of a three storey building for 14 apartments with associated car parking (landscaping reserved matter for subsequent approval),,,,,,,16/01291/OUT,2017-12-31,2017-12-31,445742,422222,,170411
http://opendatacommunities.org/id/metropolitan-district-council/wakefield,Wakefield Council,BLR17092,,"""The Maltings, Pontefract""",http://map.wakefield.gov.uk/connect/analyst/?mapcfg=BLregister&x=445981&y=422000&zoom=10,ETRS89,-1.305151,53.692444,0.04,unknown ownership,yes,permissioned,full planning permission,2016-02-12,https://planning.wakefield.gov.uk/online-applications/applicationDetails.do?activeTab=summary&keyVal=NXCICAQQ01T00,,8,Demolition of Former Malt Kiln and construction of 8No 1 and 2 Bed apartments.,,,,,,,15/02640/FUL,2017-12-31,2017-12-31,445981,422000,,170413
http://opendatacommunities.org/id/metropolitan-district-council/wakefield,Wakefield Council,BLR17094,,"""Former factory Monkhill lane, Pontefract""",http://map.wakefield.gov.uk/connect/analyst/?mapcfg=BLregister&x=446143&y=423027&zoom=10,ETRS89,-1.302541,53.701668,2.78,mixed ownership,,not permissioned,,,,,111,,,,111,111,,,,2017-12-31,2017-12-31,446143,423027,IG 13/003,0
http://opendatacommunities.org/id/metropolitan-district-council/wakefield,Wakefield Council,BLR17095,,"""Land at Willowdene Lane, Pontefract""",http://map.wakefield.gov.uk/connect/analyst/?mapcfg=BLregister&x=445515&y=423344&zoom=10,ETRS89,-1.312007,53.70457,1.34,unknown ownership,,not permissioned,,,,,53,,,,53,53,,,,2017-12-31,2017-12-31,445515,423344,N123,964
http://opendatacommunities.org/id/metropolitan-district-council/wakefield,Wakefield Council,BLR17097,,"""Former Chequerfield Infant School, Pontefract""",http://map.wakefield.gov.uk/connect/analyst/?mapcfg=BLregister&x=446939&y=421317&zoom=10,ETRS89,-1.290751,53.686223,1.28,owned by a public authority,,not permissioned,,,,,51,,,,51,51,,,,2017-12-31,2017-12-31,446939,421317,SHLAA 120368,120368
http://opendatacommunities.org/id/metropolitan-district-council/wakefield,Wakefield Council,BLR17099,,"""Scrapyard, Midland Road, Pontefract""",http://map.wakefield.gov.uk/connect/analyst/?mapcfg=BLregister&x=446189&y=422097&zoom=10,ETRS89,-1.30198,53.693298,1.42,unknown ownership,,not permissioned,,,,,57,,,,57,57,,,,2017-12-31,2017-12-31,446189,422097,SHLAA 120379,120379
http://opendatacommunities.org/id/metropolitan-district-council/wakefield,Wakefield Council,BLR17100,,"""Carleton Furniture Works Car Park, Mill Dam Lane, Pontefract""",http://map.wakefield.gov.uk/connect/analyst/?mapcfg=BLregister&x=446162&y=422564&zoom=10,ETRS89,-1.302327,53.6975,0.42,unknown ownership,,not permissioned,,,,,16,,,,16,16,,,,2017-12-31,2017-12-31,446162,422564,SHLAA 120382,120382
http://opendatacommunities.org/id/metropolitan-district-council/wakefield,Wakefield Council,BLR17101,,"""Brooklands Crescent (land to rear), Havercroft""",http://map.wakefield.gov.uk/connect/analyst/?mapcfg=BLregister&x=439739&y=414406&zoom=10,ETRS89,-1.400637,53.624705,0.34,unknown ownership,,not permissioned,,,,,10,,,,10,10,,,,2017-12-31,2017-12-31,439739,414406,,342
http://opendatacommunities.org/id/metropolitan-district-council/wakefield,Wakefield Council,BLR17102,,"""St George's Church, 99 Cow Lane, Havercroft""",http://map.wakefield.gov.uk/connect/analyst/?mapcfg=BLregister&x=439615&y=414448&zoom=10,ETRS89,-1.402501,53.625091,0.11,unknown ownership,,not permissioned,,,,,9,,,,9,9,,,,2017-12-31,2017-12-31,439615,414448,,734
http://opendatacommunities.org/id/metropolitan-district-council/wakefield,Wakefield Council,BLR17103,,"""The Scotsman (land within curtilage) Cow Lane, Havercroft""",http://map.wakefield.gov.uk/connect/analyst/?mapcfg=BLregister&x=439059&y=414096&zoom=10,ETRS89,-1.410955,53.621969,0.5,unknown ownership,,not permissioned,,,https://planning.wakefield.gov.uk/online-applications/applicationDetails.do?activeTab=summary&keyVal=KQIJTEQQ04200,,17,,,,17,17,,,,2017-12-31,2017-12-31,439059,414096,,344
http://opendatacommunities.org/id/metropolitan-district-council/wakefield,Wakefield Council,BLR17105,,"""6 Hammer Lane, Sharlston""",http://map.wakefield.gov.uk/connect/analyst/?mapcfg=BLregister&x=438867&y=419495&zoom=10,ETRS89,-1.413189,53.670513,0.08,unknown ownership,,not permissioned,,,https://planning.wakefield.gov.uk/online-applications/applicationDetails.do?activeTab=summary&keyVal=MOMREAQQ04200,,6,,,,6,6,,,,2017-12-31,2017-12-31,438867,419495,,348
http://opendatacommunities.org/id/metropolitan-district-council/wakefield,Wakefield Council,BLR17106,,"""R/o 164 Barnsley Road, South Kirkby""",http://map.wakefield.gov.uk/connect/analyst/?mapcfg=BLregister&x=445968&y=411078&zoom=10,ETRS89,-1.30695,53.594291,0.27,unknown ownership,,not permissioned,,,,,6,,,,6,6,,,,2017-12-31,2017-12-31,445968,411078,,266
http://opendatacommunities.org/id/metropolitan-district-council/wakefield,Wakefield Council,BLR17107,,"""Weston Hall Westfield Lane, South Elmsall""",http://map.wakefield.gov.uk/connect/analyst/?mapcfg=BLregister&x=446805&y=410731&zoom=10,ETRS89,-1.294368,53.591093,0.16,unknown ownership,yes,permissioned,full planning permission,2016-10-20,https://planning.wakefield.gov.uk/online-applications/applicationDetails.do?activeTab=summary&keyVal=O9SRA8QQJN700,,8,Demolition of existing dwelling and the erection of 8 no. Dewllings.,,,,,,,16/01624/FUL,2017-12-31,2017-12-31,446805,410731,,272
http://opendatacommunities.org/id/metropolitan-district-council/wakefield,Wakefield Council,BLR17108,,"""South Elmsall Fire Station, Barnsley Road, South Elmsall""",http://map.wakefield.gov.uk/connect/analyst/?mapcfg=BLregister&x=446759&y=411146&zoom=10,ETRS89,-1.295,53.594831,0.42,unknown ownership,,not permissioned,,,,,12,,,,12,12,,,,2017-12-31,2017-12-31,446759,411146,,237607
http://opendatacommunities.org/id/metropolitan-district-council/wakefield,Wakefield Council,BLR17109,,"""Former Scrap Yard High Street, South Elmsall""",http://map.wakefield.gov.uk/connect/analyst/?mapcfg=BLregister&x=447939&y=411485&zoom=10,ETRS89,-1.277116,53.59777,0.98,unknown ownership,,not permissioned,,,https://planning.wakefield.gov.uk/online-applications/applicationDetails.do?activeTab=summary&keyVal=JFKHWLQQY1000,,25,,,,25,25,,,,2017-12-31,2017-12-31,447939,411485,HS57,1219
http://opendatacommunities.org/id/metropolitan-district-council/wakefield,Wakefield Council,BLR17110,,"""Cherry Lea, Field Lane, South Elmsall""",http://map.wakefield.gov.uk/connect/analyst/?mapcfg=BLregister&x=447973&y=411753&zoom=10,ETRS89,-1.276565,53.600176,2.51,unknown ownership,,not permissioned,,,https://planning.wakefield.gov.uk/online-applications/applicationDetails.do?activeTab=summary&keyVal=ML1L78QQ01T00,,86,,,,86,86,,,,2017-12-31,2017-12-31,447973,411753,HS56,995
http://opendatacommunities.org/id/metropolitan-district-council/wakefield,Wakefield Council,BLR17111,,"""Trigot Court, South Kirkby""",http://map.wakefield.gov.uk/connect/analyst/?mapcfg=BLregister&x=445473&y=411413&zoom=10,ETRS89,-1.314382,53.597341,0.63,unknown ownership,yes,permissioned,full planning permission,2015-10-13,https://planning.wakefield.gov.uk/online-applications/applicationDetails.do?activeTab=summary&keyVal=NR5X7FQQJ0B00,,20,Demolition of existing residential complex and erection of  20 no. affordable dwellings and associated car parking.,,,,,,,15/01658/FUL,2017-12-31,2017-12-31,445473,411413,None,160705
http://opendatacommunities.org/id/metropolitan-district-council/wakefield,Wakefield Council,BLR17112,,"""Diamond Jubilee Club, South Kirkby""",http://map.wakefield.gov.uk/connect/analyst/?mapcfg=BLregister&x=444866&y=410984&zoom=10,ETRS89,-1.323611,53.593541,0.1,unknown ownership,yes,permissioned,outline planning permission,2016-08-12,https://planning.wakefield.gov.uk/online-applications/applicationDetails.do?activeTab=summary&keyVal=O6P0X0QQ01T00,,5,"Demolition of existing building and redevelopment of the site with five townhouses (outline including access, appearance, layout and scale).",,,,,,,16/01115/OUT,2017-12-31,2017-12-31,444866,410984,,170704
http://opendatacommunities.org/id/metropolitan-district-council/wakefield,Wakefield Council,BLR17113,,"""Mill Lane WMC, South Kirkby""",http://map.wakefield.gov.uk/connect/analyst/?mapcfg=BLregister&x=444511&y=410564&zoom=10,ETRS89,-1.329038,53.589792,0.36,unknown ownership,yes,permissioned,outline planning permission,2016-09-01,https://planning.wakefield.gov.uk/online-applications/applicationDetails.do?activeTab=summary&keyVal=O4HJKDQQ08V00,,14,Demolition of existing working mens club and staff house and residential development of up to 14no. dwellings with access off Mill Lane,,,,,,,16/00737/OUT,2017-12-31,2017-12-31,444511,410564,,170705
http://opendatacommunities.org/id/metropolitan-district-council/wakefield,Wakefield Council,BLR17118,,"""Land at Grove Drive, South Kirkby""",http://map.wakefield.gov.uk/connect/analyst/?mapcfg=BLregister&x=444968&y=410907&zoom=10,ETRS89,-1.32209,53.59284,0.19,owned by a public authority,,not permissioned,,,,,15,,,,15,15,,,,2017-12-31,2017-12-31,444968,410907,16532000000,1001
http://opendatacommunities.org/id/metropolitan-district-council/wakefield,Wakefield Council,BLR17119,,"""Former Burntwood Junior and Infant School, Church Top, South Kirkby""",http://map.wakefield.gov.uk/connect/analyst/?mapcfg=BLregister&x=445476&y=410512&zoom=10,ETRS89,-1.31541,53.589245,0.79,unknown ownership,,not permissioned,,,,,24,,,,24,24,,,,2017-12-31,2017-12-31,445476,410512,SHLAA 120369,120369
http://opendatacommunities.org/id/metropolitan-district-council/wakefield,Wakefield Council,BLR17120,,"""Former Fox Inn, South Hiendley""",http://map.wakefield.gov.uk/connect/analyst/?mapcfg=BLregister&x=439668&y=412757&zoom=10,ETRS89,-1.401924,53.609891,0.27,unknown ownership,,not permissioned,,,,,10,,,,10,10,,,,2017-12-31,2017-12-31,439668,412757,,120291
http://opendatacommunities.org/id/metropolitan-district-council/wakefield,Wakefield Council,BLR17121,,"""1 Bolus Lane, Outwood""",http://map.wakefield.gov.uk/connect/analyst/?mapcfg=BLregister&x=432972&y=423735&zoom=10,ETRS89,-1.501957,53.709023,0.17,unknown ownership,yes,permissioned,full planning permission,2005-07-07,https://planning.wakefield.gov.uk/online-applications/applicationDetails.do?activeTab=summary&keyVal=ZZZVOYQQXC427,,14,Demolition of existing factory unit/offices & replacement by 16No. flats,,,,,,,05/99/46598/H,2017-12-31,2017-12-31,432972,423735,,606
http://opendatacommunities.org/id/metropolitan-district-council/wakefield,Wakefield Council,BLR17122,,"""Newton House, Grey Street, Outwood""",http://map.wakefield.gov.uk/connect/analyst/?mapcfg=BLregister&x=432857&y=423293&zoom=10,ETRS89,-1.503753,53.705058,0.16,unknown ownership,,not permissioned,,,https://planning.wakefield.gov.uk/online-applications/applicationDetails.do?activeTab=summary&keyVal=JYZTOAQQT3000,,7,,,,7,7,,,,2017-12-31,2017-12-31,432857,423293,,1293
http://opendatacommunities.org/id/metropolitan-district-council/wakefield,Wakefield Council,BLR17123,,"""Sunnyvilla, Park View, Outwood""",http://map.wakefield.gov.uk/connect/analyst/?mapcfg=BLregister&x=433307&y=424798&zoom=10,ETRS89,-1.49678,53.718555,0.06,unknown ownership,yes,permissioned,full planning permission,2016-08-31,https://planning.wakefield.gov.uk/online-applications/applicationDetails.do?activeTab=summary&keyVal=O8YE28QQJ9C00,,8,Demolition of existing dwelling and construction of 8no apartments.,,,,,,,16/01505/FUL,2017-12-31,2017-12-31,433307,424798,,120342
http://opendatacommunities.org/id/metropolitan-district-council/wakefield,Wakefield Council,BLR17125,,"""1 Westfield Terrace, Wakefield""",http://map.wakefield.gov.uk/connect/analyst/?mapcfg=BLregister&x=433124&y=421615&zoom=10,ETRS89,-1.499884,53.689957,0.03,unknown ownership,,not permissioned,,,,,9,,,,9,9,,,,2017-12-31,2017-12-31,433124,421615,,31
http://opendatacommunities.org/id/metropolitan-district-council/wakefield,Wakefield Council,BLR17126,,"""R/o 35 Flanshaw Lane, Alverthorpe, Wakefield""",http://map.wakefield.gov.uk/connect/analyst/?mapcfg=BLregister&x=431048&y=421335&zoom=10,ETRS89,-1.531342,53.687568,0.4,unknown ownership,,not permissioned,,,,,37,,,,37,37,,,,2017-12-31,2017-12-31,431048,421335,,553
http://opendatacommunities.org/id/metropolitan-district-council/wakefield,Wakefield Council,BLR17127,,"""Flanshaw Hotel, Flanshaw Lane, Wakefield""",http://map.wakefield.gov.uk/connect/analyst/?mapcfg=BLregister&x=431237&y=420672&zoom=10,ETRS89,-1.528547,53.681596,0.18,unknown ownership,,not permissioned,,,https://planning.wakefield.gov.uk/online-applications/applicationDetails.do?activeTab=summary&keyVal=M483CIQQ01T00,,10,,,,10,10,,,,2017-12-31,2017-12-31,431237,420672,,584
http://opendatacommunities.org/id/metropolitan-district-council/wakefield,Wakefield Council,BLR17128,,"""Radcliffe Place, Wakefield""",http://map.wakefield.gov.uk/connect/analyst/?mapcfg=BLregister&x=433164&y=420906&zoom=10,ETRS89,-1.499361,53.683578,0.29,unknown ownership,,not permissioned,,,https://planning.wakefield.gov.uk/online-applications/applicationDetails.do?activeTab=summary&keyVal=ZZZVOTQQXC680,,9,,,,9,9,,,,2017-12-31,2017-12-31,433164,420906,,621
http://opendatacommunities.org/id/metropolitan-district-council/wakefield,Wakefield Council,BLR17129,,"""Kirkgate (Kirkgate / Sun Lane), Wakefield""",http://map.wakefield.gov.uk/connect/analyst/?mapcfg=BLregister&x=433601&y=420739&zoom=10,ETRS89,-1.492752,53.682053,0.28,owned by a public authority,,not permissioned,,,https://planning.wakefield.gov.uk/online-applications/applicationDetails.do?activeTab=summary&keyVal=MY3XMDQQ90000,,14,,"This site is suitable for residential, retail and leisure
uses, including restaurants and cafes. Frontages must be active at ground floor level to Kirkgate, Marsh Way and
Sun Lane",,14,14,,,,2017-12-31,2017-12-31,433601,420739,CW22 (i),634
http://opendatacommunities.org/id/metropolitan-district-council/wakefield,Wakefield Council,BLR17130,,"""Providence Street, Wakefield""",http://map.wakefield.gov.uk/connect/analyst/?mapcfg=BLregister&x=433218&y=421068&zoom=10,ETRS89,-1.498513,53.685036,0.23,unknown ownership,,not permissioned,,,,,12,,,,12,12,,,,2017-12-31,2017-12-31,433218,421068,,640
http://opendatacommunities.org/id/metropolitan-district-council/wakefield,Wakefield Council,BLR17131,,"""18 St John's North, Wakefield""",http://map.wakefield.gov.uk/connect/analyst/?mapcfg=BLregister&x=432813&y=421502&zoom=10,ETRS89,-1.504602,53.688963,0.03,unknown ownership,yes,permissioned,full planning permission,2014-06-10,https://planning.wakefield.gov.uk/online-applications/applicationDetails.do?activeTab=summary&keyVal=NNXLM8QQHW300,,5,Conversion of buildings from offices to 13 no. flats.,,,,,,,15/01110/FUL,2017-12-31,2017-12-31,432813,421502,,642
http://opendatacommunities.org/id/metropolitan-district-council/wakefield,Wakefield Council,BLR17132,,"""Ings Road (former Crown works site), Wakefield""",http://map.wakefield.gov.uk/connect/analyst/?mapcfg=BLregister&x=433607&y=420324&zoom=10,ETRS89,-1.492716,53.678323,0.51,unknown ownership,,not permissioned,,,https://planning.wakefield.gov.uk/online-applications/applicationDetails.do?activeTab=summary&keyVal=JN4PYWQQ06000,,154,,,,154,154,,,,2017-12-31,2017-12-31,433607,420324,,659
http://opendatacommunities.org/id/metropolitan-district-council/wakefield,Wakefield Council,BLR17133,,"""4 College Grove View, Wakefield""",http://map.wakefield.gov.uk/connect/analyst/?mapcfg=BLregister&x=433256&y=421556&zoom=10,ETRS89,-1.497887,53.689416,0.02,unknown ownership,,not permissioned,,,,,5,,,,5,5,,,,2017-12-31,2017-12-31,433256,421556,,669
http://opendatacommunities.org/id/metropolitan-district-council/wakefield,Wakefield Council,BLR17134,,"""West end of West Street, Wakefield""",http://map.wakefield.gov.uk/connect/analyst/?mapcfg=BLregister&x=431931&y=420176&zoom=10,ETRS89,-1.518092,53.677099,0.11,unknown ownership,,not permissioned,,,https://planning.wakefield.gov.uk/online-applications/applicationDetails.do?activeTab=summary&keyVal=LJKWOYQQ01T00,,9,,,,9,9,,,,2017-12-31,2017-12-31,431931,420176,,676
http://opendatacommunities.org/id/metropolitan-district-council/wakefield,Wakefield Council,BLR17135,,"""The Old Mill Hollingthorpe Lane, Hall Green, Wakefield""",http://map.wakefield.gov.uk/connect/analyst/?mapcfg=BLregister&x=431345&y=415046&zoom=10,ETRS89,-1.527486,53.631023,0.22,unknown ownership,yes,permissioned,outline planning permission,2015-12-22,https://planning.wakefield.gov.uk/online-applications/applicationDetails.do?activeTab=summary&keyVal=NVHQWYQQL0C00,,6,Outline residential development for up to 6 dwellings (all other matters reserved) and demolition of buildings.,,,,,,,15/02331/OUT,2017-12-31,2017-12-31,431345,415046,,762
http://opendatacommunities.org/id/metropolitan-district-council/wakefield,Wakefield Council,BLR17136,,"""Former Flanshaw Children's Centre, Wakefield""",http://map.wakefield.gov.uk/connect/analyst/?mapcfg=BLregister&x=430775&y=420799&zoom=10,ETRS89,-1.535536,53.682768,1.92,owned by a public authority,,not permissioned,,,,,77,,,,77,77,,,,2017-12-31,2017-12-31,430775,420799,HS13,903
http://opendatacommunities.org/id/metropolitan-district-council/wakefield,Wakefield Council,BLR17137,,"""Former Warburton's, Westgate End, Wakefield""",http://map.wakefield.gov.uk/connect/analyst/?mapcfg=BLregister&x=432295&y=420518&zoom=10,ETRS89,-1.512549,53.680151,0.75,unknown ownership,,not permissioned,,,https://planning.wakefield.gov.uk/online-applications/applicationDetails.do?activeTab=summary&keyVal=JYSI8OQQ24000,,30,,,,30,30,,,,2017-12-31,2017-12-31,432295,420518,HS8,905
http://opendatacommunities.org/id/metropolitan-district-council/wakefield,Wakefield Council,BLR17138,,"""Former Clayton Hospital, Wakefield""",http://map.wakefield.gov.uk/connect/analyst/?mapcfg=BLregister&x=432910&y=421398&zoom=10,ETRS89,-1.503146,53.688023,1.62,unknown ownership,,not permissioned,,,,,122,,,,122,122,,,,2017-12-31,2017-12-31,432910,421398,CW18 B,860
http://opendatacommunities.org/id/metropolitan-district-council/wakefield,Wakefield Council,BLR17139,,"""Registry of Deeds, Wakefield""",http://map.wakefield.gov.uk/connect/analyst/?mapcfg=BLregister&x=432799&y=421171&zoom=10,ETRS89,-1.50485,53.685985,0.32,unknown ownership,,not permissioned,,,,,20,,,,20,20,,,,2017-12-31,2017-12-31,432799,421171,CW18 E,863
http://opendatacommunities.org/id/metropolitan-district-council/wakefield,Wakefield Council,BLR17140,,"""Eagle Grove, Flanshaw, Wakefield""",http://map.wakefield.gov.uk/connect/analyst/?mapcfg=BLregister&x=430965&y=420935&zoom=10,ETRS89,-1.532639,53.683973,1.23,mixed ownership,,not permissioned,,,,,49,,,,49,49,,,,2017-12-31,2017-12-31,430965,420935,HS14,1080
http://opendatacommunities.org/id/metropolitan-district-council/wakefield,Wakefield Council,BLR17141,,"""Sirdar, Flanshaw Lane, Wakefield""",http://map.wakefield.gov.uk/connect/analyst/?mapcfg=BLregister&x=431067&y=421112&zoom=10,ETRS89,-1.53109,53.685563,6.54,unknown ownership,,not permissioned,,,,,262,,,,262,262,,,,2017-12-31,2017-12-31,431067,421112,HS15,120383
http://opendatacommunities.org/id/metropolitan-district-council/wakefield,Wakefield Council,BLR17142,,"""Victoria Works, Wakefield""",http://map.wakefield.gov.uk/connect/analyst/?mapcfg=BLregister&x=432217&y=420998&zoom=10,ETRS89,-1.513683,53.684465,0.18,unknown ownership,,not permissioned,,,https://planning.wakefield.gov.uk/online-applications/applicationDetails.do?activeTab=summary&keyVal=KJ9NPYQQ90000,,20,,,,20,20,,,,2017-12-31,2017-12-31,432217,420998,,120315
http://opendatacommunities.org/id/metropolitan-district-council/wakefield,Wakefield Council,BLR17143,,"""1 - 15 Pashley Court, Wakefield""",http://map.wakefield.gov.uk/connect/analyst/?mapcfg=BLregister&x=433754&y=420639&zoom=10,ETRS89,-1.490456,53.681147,0.06,unknown ownership,,not permissioned,,,https://planning.wakefield.gov.uk/online-applications/applicationDetails.do?activeTab=summary&keyVal=MR93TMQQ07R00,,5,,,,5,5,,,,2017-12-31,2017-12-31,433754,420639,,237549
http://opendatacommunities.org/id/metropolitan-district-council/wakefield,Wakefield Council,BLR17144,,"""90 - 92 - 94 Horbury Road, Wakefield""",http://map.wakefield.gov.uk/connect/analyst/?mapcfg=BLregister&x=432019&y=420197&zoom=10,ETRS89,-1.516769,53.677276,0.09,unknown ownership,yes,permissioned,outline planning permission,2015-03-03,https://planning.wakefield.gov.uk/online-applications/applicationDetails.do?activeTab=summary&keyVal=N4H47EQQ07R00,,14,Residential development (14 apartments) (outline),,,,,,,14/00923/OUT,2017-12-31,2017-12-31,432019,420197,,120340
http://opendatacommunities.org/id/metropolitan-district-council/wakefield,Wakefield Council,BLR17145,,"""Adj 144 Flanshaw Lane, Wakefield""",http://map.wakefield.gov.uk/connect/analyst/?mapcfg=BLregister&x=430969&y=420721&zoom=10,ETRS89,-1.5326,53.682057,0.14,unknown ownership,,not permissioned,,,https://planning.wakefield.gov.uk/online-applications/applicationDetails.do?activeTab=summary&keyVal=LRVSKLQQ90000,,12,,,,12,12,,,,2017-12-31,2017-12-31,430969,420721,,313119
http://opendatacommunities.org/id/metropolitan-district-council/wakefield,Wakefield Council,BLR17146,,"""497 Denby Dale Road Calder Grove, Wakefield""",http://map.wakefield.gov.uk/connect/analyst/?mapcfg=BLregister&x=430962&y=416917&zoom=10,ETRS89,-1.533091,53.647867,0.19,unknown ownership,,not permissioned,,,https://planning.wakefield.gov.uk/online-applications/applicationDetails.do?activeTab=summary&keyVal=LJZRJGQQ01T00,,9,,,,9,9,,,,2017-12-31,2017-12-31,430962,416917,,1246
http://opendatacommunities.org/id/metropolitan-district-council/wakefield,Wakefield Council,BLR17147,,"""Primrose House, Primrose Lane, Calder Grove, Wakefield""",http://map.wakefield.gov.uk/connect/analyst/?mapcfg=BLregister&x=430709&y=416841&zoom=10,ETRS89,-1.536924,53.647195,0.14,unknown ownership,,not permissioned,,,https://planning.wakefield.gov.uk/online-applications/applicationDetails.do?activeTab=summary&keyVal=N2N0NCQQ90000,,6,,,,6,6,,,,2017-12-31,2017-12-31,430709,416841,,313081
http://opendatacommunities.org/id/metropolitan-district-council/wakefield,Wakefield Council,BLR17148,,"""91 Agbrigg Road, Wakefield""",http://map.wakefield.gov.uk/connect/analyst/?mapcfg=BLregister&x=434340&y=418870&zoom=10,ETRS89,-1.48178,53.665211,0.25,unknown ownership,yes,permissioned,full planning permission,2011-07-15,https://planning.wakefield.gov.uk/online-applications/applicationDetails.do?activeTab=summary&keyVal=LITTWGQQ90000,,6,"Sheltered accommodation for people with learning difficulties comprising 6no. 1 bedroom apartments and 2no. 8 bedroom chalet bungalows, access, parking and bin store",,,,,,,11/00692/FUL,2017-12-31,2017-12-31,434340,418870,,313086
http://opendatacommunities.org/id/metropolitan-district-council/wakefield,Wakefield Council,BLR17149,,"""Belle Vue Stadium, Doncaster Road, Wakefield""",http://map.wakefield.gov.uk/connect/analyst/?mapcfg=BLregister&x=434531&y=419376&zoom=10,ETRS89,-1.478826,53.669744,2.53,unknown ownership,,not permissioned,,,https://planning.wakefield.gov.uk/online-applications/applicationDetails.do?activeTab=summary&keyVal=M1CE83QQ01T00,,106,,,,106,106,,,,2017-12-31,2017-12-31,434531,419376,,313155
http://opendatacommunities.org/id/metropolitan-district-council/wakefield,Wakefield Council,BLR17150,,"""162 - 164 Westgate, Wakefield""",http://map.wakefield.gov.uk/connect/analyst/?mapcfg=BLregister&x=432635&y=420610&zoom=10,ETRS89,-1.507393,53.680953,0.06,unknown ownership,,not permissioned,,,https://planning.wakefield.gov.uk/online-applications/applicationDetails.do?activeTab=summary&keyVal=M99HN2QQ90000,,6,,,,6,6,,,,2017-12-31,2017-12-31,432635,420610,,313288
http://opendatacommunities.org/id/metropolitan-district-council/wakefield,Wakefield Council,BLR17153,,"""Ings Road (South of Ings Road), Wakefield""",http://map.wakefield.gov.uk/connect/analyst/?mapcfg=BLregister&x=433342&y=420278&zoom=10,ETRS89,-1.496722,53.677929,5.72,unknown ownership,,not permissioned,,,,,271,,"This site will be suitable for residential development alongside ancillary uses such as small
scale shops and live work units.",,271,271,,,,2017-12-31,2017-12-31,433342,420278,CW23 (i),870
http://opendatacommunities.org/id/metropolitan-district-council/wakefield,Wakefield Council,BLR17154,,"""Ings Road (North of Ings Road), Wakefield""",http://map.wakefield.gov.uk/connect/analyst/?mapcfg=BLregister&x=432974&y=420544&zoom=10,ETRS89,-1.50227,53.680344,4.86,mixed ownership,,not permissioned,,,,,122,,"This site is suitable for residential, office, leisure and cultural uses, and also restaurants
and cafes.",,122,122,,,,2017-12-31,2017-12-31,432974,420544,CW23 (iii),871
http://opendatacommunities.org/id/metropolitan-district-council/wakefield,Wakefield Council,BLR17155,,"""Jacobs Well Lane, Wakefield""",http://map.wakefield.gov.uk/connect/analyst/?mapcfg=BLregister&x=433747&y=421180&zoom=10,ETRS89,-1.490504,53.686007,3.61,mixed ownership,,not permissioned,,,,,217,,,,217,217,,,,2017-12-31,2017-12-31,433747,421180,CW18 A,859
http://opendatacommunities.org/id/metropolitan-district-council/wakefield,Wakefield Council,BLR17156,,"""Waterfront Area, Barnsley Road, Wakefield""",http://map.wakefield.gov.uk/connect/analyst/?mapcfg=BLregister&x=433753&y=419944&zoom=10,ETRS89,-1.490534,53.674895,2.83,mixed ownership,,not permissioned,,,https://planning.wakefield.gov.uk/online-applications/applicationDetails.do?activeTab=summary&keyVal=KUBODCQQ06X00,,302,,"This site will be suitable for offices, cultural, residential and leisure uses;",,302,302,,,,2017-12-31,2017-12-31,433753,419944,CW21 (i),444
http://opendatacommunities.org/id/metropolitan-district-council/wakefield,Wakefield Council,BLR17158,,"""Kirkgate (south & east of Kirkgate roundabout) Chantry House, Wakefield""",http://map.wakefield.gov.uk/connect/analyst/?mapcfg=BLregister&x=433704&y=420554&zoom=10,ETRS89,-1.491223,53.680382,0.3,unknown ownership,yes,permissioned,other,2015-02-11,https://planning.wakefield.gov.uk/online-applications/applicationDetails.do?activeTab=summary&keyVal=NH329HQQ04200,,84,Change of use from offices (B1) to residential accomodation (C3),,,,,,,14/02857/COU,2017-12-31,2017-12-31,433704,420554,CW22 (ii),315030
http://opendatacommunities.org/id/metropolitan-district-council/wakefield,Wakefield Council,BLR17159,,"""Clothiers Arms, Wakefield""",http://map.wakefield.gov.uk/connect/analyst/?mapcfg=BLregister&x=432021&y=420352&zoom=10,ETRS89,-1.516713,53.678676,0.12,unknown ownership,yes,permissioned,full planning permission,2014-09-12,https://planning.wakefield.gov.uk/online-applications/applicationDetails.do?activeTab=summary&keyVal=NLEGKKQQ01V00,,8,Erection of three storey building comprising 3no. ground floor retail units and 8no.one bedroomed flats with associated parking and access provision (Resubmission - amended from application 14/01321/FUL to incorporate rear extensions and reposition one pa,Erection of three storey building comprising 3no. ground floor retail units and 8no.one bedroomed flats with associated parking and access provision (Resubmission - amended from application 14/01321/FUL to incorporate rear extensions and reposition one pa,,,,,,15/00678/FUL,2017-12-31,2017-12-31,432021,420352,None,315085
http://opendatacommunities.org/id/metropolitan-district-council/wakefield,Wakefield Council,BLR17160,,"""St John's Avenue/St John's Mews (land At), Wakefield""",http://map.wakefield.gov.uk/connect/analyst/?mapcfg=BLregister&x=432632&y=421513&zoom=10,ETRS89,-1.507346,53.689068,0.09,unknown ownership,yes,permissioned,full planning permission,2016-02-12,https://planning.wakefield.gov.uk/online-applications/applicationDetails.do?activeTab=summary&keyVal=NZHZVIQQMTU00,,5,"Erect 5 no dwellings (3no townhouses and one pair of semi-detached dwellings), including demolition of existing lock-up garages (variation to previously approved scheme 14/00481/FUL).",,,,,,,15/02986/FUL,2017-12-31,2017-12-31,432632,421513,None,315097
http://opendatacommunities.org/id/metropolitan-district-council/wakefield,Wakefield Council,BLR17163,,"""Red Hall Avenue (unit 18B), Wakefield""",http://map.wakefield.gov.uk/connect/analyst/?mapcfg=BLregister&x=432676&y=422811&zoom=10,ETRS89,-1.506541,53.700736,0.98,unknown ownership,yes,permissioned,other,2015-08-06,https://planning.wakefield.gov.uk/online-applications/applicationDetails.do?activeTab=summary&keyVal=NODV0NQQ04200,,26,Change of use from B1(a) office to 26 no. apartments.,,,,,,,15/01197/COU,2017-12-31,2017-12-31,432676,422811,SPA1,161503
http://opendatacommunities.org/id/metropolitan-district-council/wakefield,Wakefield Council,BLR17164,,"""Manygates Adult Education Centre, Wakefield""",http://map.wakefield.gov.uk/connect/analyst/?mapcfg=BLregister&x=433808&y=418585&zoom=10,ETRS89,-1.489856,53.662677,0.43,unknown ownership,yes,permissioned,outline planning permission,2015-12-14,https://planning.wakefield.gov.uk/online-applications/applicationDetails.do?activeTab=summary&keyVal=NRKUPDQQJ7H00,,14,To create 14 No. new 3 bedroom semi detached houses and town houses on a windfall site adjacent to the Wakefield Adult Education Service.,,,,,,,15/01732/OUT,2017-12-31,2017-12-31,433808,418585,None,161110
http://opendatacommunities.org/id/metropolitan-district-council/wakefield,Wakefield Council,BLR17165,,"""76 Horbury Road (land At), Wakefield""",http://map.wakefield.gov.uk/connect/analyst/?mapcfg=BLregister&x=432036&y=420214&zoom=10,ETRS89,-1.516509,53.677437,0.07,unknown ownership,yes,permissioned,outline planning permission,2015-12-18,https://planning.wakefield.gov.uk/online-applications/applicationDetails.do?activeTab=summary&keyVal=NS6ZWVQQJHT00,,9,Residential development comprising 9no apartments up to 2.5 storeys including details of access and scale.,,,,,,,15/01819/OUT,2017-12-31,2017-12-31,432036,420214,None,161309
http://opendatacommunities.org/id/metropolitan-district-council/wakefield,Wakefield Council,BLR17166,,"""Bishopgarth, Wakefield""",http://map.wakefield.gov.uk/connect/analyst/?mapcfg=BLregister&x=433097&y=421679&zoom=10,ETRS89,-1.500287,53.690535,3.55,unknown ownership,yes,permissioned,outline planning permission,2016-03-22,https://planning.wakefield.gov.uk/online-applications/applicationDetails.do?activeTab=summary&keyVal=NGDGQRQQ90000,,150,Demolition of existing buildings. Outline application for residential development up to 150no. dwellings with means of access,,,,,,,14/02730/OUT,2017-12-31,2017-12-31,433097,421679,None,161511
http://opendatacommunities.org/id/metropolitan-district-council/wakefield,Wakefield Council,BLR17167,,"""Former  B Power Station Site, Wakefield""",http://map.wakefield.gov.uk/connect/analyst/?mapcfg=BLregister&x=434929&y=419635&zoom=10,ETRS89,-1.472777,53.672042,16.64,unknown ownership,yes,permissioned,full planning permission,2007-05-25,https://planning.wakefield.gov.uk/online-applications/applicationDetails.do?activeTab=summary&keyVal=OBP8KHQQKHW00,,334,"Full Application for 334 dwellings and associated car parking, garages, access and landscaping, open space and drainage provision, with vehicular access served from Doncaster Road and new junction improvements proposed as part of the Wakefield Eastern Rel",,,,,,,16/01977/FUL,2017-12-31,2017-12-31,434929,419635,SPA2 (ii),729
http://opendatacommunities.org/id/metropolitan-district-council/wakefield,Wakefield Council,BLR17168,,"""8-14 St Johns North, Wakefield""",http://map.wakefield.gov.uk/connect/analyst/?mapcfg=BLregister&x=432839&y=421520&zoom=10,ETRS89,-1.504208,53.689122,0.09,unknown ownership,yes,permissioned,full planning permission,2017-03-30,https://planning.wakefield.gov.uk/online-applications/applicationDetails.do?activeTab=summary&keyVal=OD6TXEQQ0A100,,12,"Change of use of 14 St Johns North from B1 offices to 12 apartments including creation of undercroft parking at ground floor, 3 storey entrance feature and associated works.",,,,,,,16/02226/FUL,2017-12-31,2017-12-31,432839,421520,,171511
http://opendatacommunities.org/id/metropolitan-district-council/wakefield,Wakefield Council,BLR17169,,"""Former Redcats, Wakefield""",http://map.wakefield.gov.uk/connect/analyst/?mapcfg=BLregister&x=431314&y=419225&zoom=10,ETRS89,-1.526594,53.668889,3.56,unknown ownership,yes,permissioned,full planning permission,2017-02-24,https://planning.wakefield.gov.uk/online-applications/applicationDetails.do?activeTab=summary&keyVal=NYSGJIQQMIF00,,96,"Residential development 96no. dwellings, revised access to golf club and associated works",,,,,,,15/02888/FUL,2017-12-31,2017-12-31,431314,419225,,171309
http://opendatacommunities.org/id/metropolitan-district-council/wakefield,Wakefield Council,BLR17174,,"""Merchantgate Cliffe Lane, Wakefield""",http://map.wakefield.gov.uk/connect/analyst/?mapcfg=BLregister&x=432811&y=420907&zoom=10,ETRS89,-1.504697,53.683609,0.46,unknown ownership,yes,permissioned,outline planning permission,2015-08-14,https://planning.wakefield.gov.uk/online-applications/applicationDetails.do?activeTab=summary&keyVal=NJI378QQ06X00,,23,,,,23,23,,,15/00320/RPP,2017-12-31,2017-12-31,432811,420907,IG 17/006,0
http://opendatacommunities.org/id/metropolitan-district-council/wakefield,Wakefield Council,BLR17176,,"""Land to the south of Standbridge Lane, Kettlethorpe, Wakefield""",http://map.wakefield.gov.uk/connect/analyst/?mapcfg=BLregister&x=432524&y=416472&zoom=10,ETRS89,-1.50951,53.64377,1.17,owned by a public authority,,not permissioned,,,,,43,,,,43,43,,,,2017-12-31,2017-12-31,432524,416472,,0
http://opendatacommunities.org/id/metropolitan-district-council/wakefield,Wakefield Council,BLR17177,,"""Former Springfield Centre St George's Road, Lupset, Wakefield""",http://map.wakefield.gov.uk/connect/analyst/?mapcfg=BLregister&x=430557&y=419391&zoom=10,ETRS89,-1.538976,53.670123,1.11,owned by a public authority,,not permissioned,,,,,44,,,,44,44,,,,2017-12-31,2017-12-31,430557,419391,,0
http://opendatacommunities.org/id/metropolitan-district-council/wakefield,Wakefield Council,BLR17178,,"""Land at Snowhill, Wakefield""",http://map.wakefield.gov.uk/connect/analyst/?mapcfg=BLregister&x=432686&y=422028&zoom=10,ETRS89,-1.506471,53.6937,6.57,owned by a public authority,yes,permissioned,outline planning permission,2013-04-18,https://planning.wakefield.gov.uk/online-applications/applicationDetails.do?activeTab=summary&keyVal=KM7BXEQQ04200,,263,"Mixed use development of Residential (use class C3), Employment (Use Class B1), ancillary Retail (Use Classes A1, A2, A3, A4, A5), non Residential Institutions (Use Class D1), Assembly and Leisure (Use Class D2), Community Facilities, Recreation and Open ","Mixed use development of Residential (use class C3), Employment (Use Class B1), ancillary Retail (Use Classes A1, A2, A3, A4, A5), non Residential Institutions (Use Class D1), Assembly and Leisure (Use Class D2), Community Facilities, Recreation and Open ",,,,,,09/01248/OUT,2017-12-31,2017-12-31,432686,422028,"472,500,509",891
http://opendatacommunities.org/id/metropolitan-district-council/wakefield,Wakefield Council,BLR17179,,"""Kirkgate (south & east of Kirkgate roundabout), Wakefield""",http://map.wakefield.gov.uk/connect/analyst/?mapcfg=BLregister&x=433838&y=420456&zoom=10,ETRS89,-1.489204,53.679498,3.42,mixed ownership,,not permissioned,,,,,151,,"This site is suitable for office-led mixed use development involving removal of
the roundabout and the existing multi-storey office blocks and the enhancement of Kirkgate railway station. This
area could also include a multi-storey car park, hotel and res",,151,151,,,,2017-12-31,2017-12-31,433838,420456,CW22 (ii),869
http://opendatacommunities.org/id/metropolitan-district-council/wakefield,Wakefield Council,BLR17180,,"""Former Walton Junior School, Walton, Wakefield""",http://map.wakefield.gov.uk/connect/analyst/?mapcfg=BLregister&x=435295&y=417304&zoom=10,ETRS89,-1.467502,53.651064,0.2,unknown ownership,,not permissioned,,,,,11,,,,11,11,,,,2017-12-31,2017-12-31,435295,417304,,237574
http://opendatacommunities.org/id/metropolitan-district-council/wakefield,Wakefield Council,BLR17181,,"""Beech Farm, Woolley""",http://map.wakefield.gov.uk/connect/analyst/?mapcfg=BLregister&x=432048&y=413068&zoom=10,ETRS89,-1.517061,53.613204,0.49,unknown ownership,yes,permissioned,full planning permission,2015-12-04,https://planning.wakefield.gov.uk/online-applications/applicationDetails.do?activeTab=summary&keyVal=MUNHSZQQ01S00,,7,Demolition of dwelling and agricultural buildings; conversion of barn to 1no. dwelling and erection of 7no. new dwellings and garages; alterations to access,,,,,,,13/02901/FUL,2017-12-31,2017-12-31,432048,413068,None,161006
http://opendatacommunities.org/id/metropolitan-district-council/wakefield,Wakefield Council,BLR17182,,"""Tithe Barn Christian Church, Horbury""",http://map.wakefield.gov.uk/connect/analyst/?mapcfg=BLregister&x=429248&y=418325&zoom=10,ETRS89,-1.558891,53.660614,0.09,unknown ownership,,not permissioned,,,https://planning.wakefield.gov.uk/online-applications/applicationDetails.do?activeTab=summary&keyVal=LVF2IHQQ90000,,10,,,,10,10,,,,2017-12-31,2017-12-31,429248,418325,,237579
