MonthReceived,Ref,IKMTeamMemberLead,Directorate,EnquiryType
Jan-17,1,Deputy IT Security Officer,External Requester ,Security
Jan-17,2,Information Architect,External Requester ,Records Management - Wisdom
Jan-17,3,Deputy IT Security Officer,External Requester ,Information Governance
Jan-17,4,Information & security Team Leader,External Requester ,Information Governance
Jan-17,5,Deputy IT Security Officer,External Requester ,Information Governance
Jan-17,6,Information Architect,Regulatory and Legal Strategy,Records Management - Wisdom
Jan-17,7,Deputy IT Security Officer,Openness Data and Digital,Security
Jan-17,8,Information Architect,Wales and Local Delivery,Records Management - Wisdom
Jan-17,9,Security Manager,Openness Data and Digital,Security
Jan-17,10,Security Manager,External Requester ,Security
Jan-17,11,Security Manager,External Requester ,Security
Jan-17,12,Security Manager,External Requester ,Security
Jan-17,13,Information Architect,External Requester ,Security
Jan-17,14,Security Manager,Operations,Security
Jan-17,15,Security Manager,External Requester ,Information Governance
Jan-17,16,Security Manager,External Requester ,Information Governance
Jan-17,17,Information Architect,Regulatory and Legal Strategy,Records Management - Other
Jan-17,18,Information Architect,Finance and Performance,Records Management - Wisdom
Jan-17,19,Information Architect,Finance and Performance,Records Management - Wisdom
Jan-17,20,Information Architect,Finance and Performance,Records Management - Wisdom
Jan-17,21,Information Architect,Policy and Science,Records Management - Wisdom
Jan-17,22,Information Architect,Finance and Performance,Records Management - Wisdom
Jan-17,23,Information Governance Manager,External Requester ,Information Governance
Jan-17,24,Information Architect,Finance and Performance,Records Management - Wisdom
Jan-17,25,Security Manager,Regulatory and Legal Strategy,Security
Jan-17,26,Security Manager,Operations,Security
Jan-17,27,Deputy IT Security Officer,External Requester ,Security
Jan-17,28,Information Governance Manager,Policy and Science,Information Governance
Jan-17,29,Information Architect,External Requester ,Records Management - Other
Jan-17,30,Information Architect,External Requester ,Records Management - Wisdom
Jan-17,31,Information Architect,Wales and Regulatory Delivery,Records Management - Wisdom
Jan-17,32,Information Architect,Regulatory and Legal Strategy,Records Management - Wisdom
Jan-17,33,Deputy IT Security Officer,External Requester ,Security
Jan-17,34,Security Manager,External Requester ,Information Governance
Jan-17,35,Information Architect,Wales and Regulatory Delivery,Records Management - Wisdom
Jan-17,36,Deputy IT Security Officer,External Requester ,Security
Jan-17,37,Information Architect,External Requester ,Records Management - Other
Jan-17,38,Information Architect,External Requester ,Information Governance
Jan-17,39,Information Architect,Finance and Performance,Records Management - Wisdom
Jan-17,40,Information Architect,External Requester ,Records Management - Other
Jan-17,41,Security Manager,External Requester ,Security
Jan-17,42,Security Manager,Wales and Regulatory Delivery,Security
Jan-17,43,Information Architect,Finance and Performance,Records Management - Wisdom
Jan-17,44,Information Governance Manager,Regulatory and Legal Strategy,Records Management - Other
Jan-17,45,Security Manager,Openness Data and Digital,Security
Jan-17,46,Information Architect,Policy and Science,Records Management - Other
Jan-17,47,Security Manager,External Requester ,Records Management - Wisdom
Jan-17,48,Security Manager,Regulatory and Legal Strategy,Security
Jan-17,49,Information Architect,Finance and Performance,Records Management - Other
Jan-17,50,Information Governance Manager,Finance and Performance,Records Management - Other
Jan-17,51,Information Architect,Openness Data and Digital,Records Management - Wisdom
Jan-17,52,Information Architect,Openness Data and Digital,Records Management - Wisdom
Jan-17,53,Information Architect,Openness Data and Digital,Information Governance
Jan-17,54,Information Architect,Policy and Science,Records Management - Wisdom
Jan-17,55,Information Architect,Operations,Records Management - Wisdom
Jan-17,56,Information Architect,Wales and Regulatory Delivery,Records Management - Wisdom
Jan-17,57,Security Manager,External Requester ,Security
Jan-17,58,Information Architect,Operations,Records Management - Wisdom
Jan-17,59,Information Architect,Wales and Regulatory Delivery,Records Management - Wisdom
Jan-17,60,Security Manager,External Requester ,Records Management - Wisdom
Jan-17,61,Information Architect,Operations,Records Management - Wisdom
Jan-17,62,Information Architect,Finance and Performance,Records Management - Wisdom
Jan-17,63,Security Manager,Openness Data and Digital,Security
Jan-17,64,Information Governance Manager,External Requester ,Information Governance
Jan-17,65,Information Architect,Regulatory and Legal Strategy,Records Management - Other
Jan-17,66,Information Architect,Openness Data and Digital,Records Management - Wisdom
Jan-17,67,Information Architect,Openness Data and Digital,Records Management - Wisdom
Jan-17,68,Security Manager,External Requester ,Security
Jan-17,69,Information Architect,Policy and Science,Records Management - Wisdom
Feb-17,70,Information Architect,Wales and Regulatory Delivery,Records Management - Wisdom
Feb-17,71,Information Architect,Operations,Records Management - Wisdom
Feb-17,72,Information Architect,Finance and Performance,Records Management - Wisdom
Feb-17,73,Information Architect,Regulatory and Legal Strategy,Records Management - Wisdom
Feb-17,74,Information Architect,Finance and Performance,Records Management - Wisdom
Feb-17,75,Information Architect,Regulatory and Legal Strategy,Information Governance
Feb-17,76,Deputy IT Security Officer,NI and Organisational Development,Security
Feb-17,77,Security Manager,Policy and Science,Records Management - Wisdom
Feb-17,78,Security Manager,External Requester ,Records Management - Other
Jan-17,79,Security Manager,Policy and Science,Records Management - Other
Feb-17,80,Information Architect,External Requester ,Records Management - Other
Feb-17,81,Information & security Team Leader,Policy and Science,Information Governance
Feb-17,82,Information Architect,Policy and Science,Records Management - Wisdom
Feb-17,83,Security Manager,Wales and Regulatory Delivery,Security
Feb-17,84,Security Manager,Regulatory and Legal Strategy,Security
Feb-17,85,Information Architect,External Requester ,Information Governance
Feb-17,86,Information & security Team Leader,Private Office,Records Management - Wisdom
Feb-17,87,Information Architect,Regulatory and Legal Strategy,Records Management - Wisdom
Feb-17,88,Information Architect,Finance and Performance,Records Management - Wisdom
Feb-17,89,Deputy IT Security Officer,External Requester ,Security
Jan-17,90,Information & security Team Leader,Openness Data and Digital,Information Governance
Jan-17,91,Information & security Team Leader,Operations,Records Management - Other
Feb-17,92,Information & security Team Leader,Operations,Records Management - Other
Feb-17,93,Information Architect,NI and Organisational Development,Records Management - Wisdom
Feb-17,94,Information Architect,Regulatory and Legal Strategy,Records Management - Wisdom
Feb-17,95,Security Manager,External Requester ,Security
Feb-17,96,Information Governance Manager,Wales and Regulatory Delivery,Information Governance
Feb-17,97,Information & security Team Leader,Finance and Performance,Records Management - Other
Feb-17,98,Information & security Team Leader,Operations,Records Management - Other
Feb-17,99,Information Architect,Policy and Science,Records Management - Other
Feb-17,100,Security Manager,External Requester ,Security
Feb-17,101,Security Manager,External Requester ,Security
Feb-17,102,Information Architect,Wales and Regulatory Delivery,Records Management - Wisdom
Feb-17,103,Security Manager,Wales and Regulatory Delivery,Security
Feb-17,104,Deputy IT Security Officer,External Requester ,Security
Feb-17,105,Deputy IT Security Officer,Openness Data and Digital,Security
Feb-17,106,Deputy IT Security Officer,Openness Data and Digital,Security
Jan-17,107,Information Architect,Policy and Science,Records Management - Wisdom
Feb-17,108,Security Manager,External Requester ,Security
Feb-17,109,Security Manager,Policy and Science,Security
Feb-17,110,Security Manager,External Requester ,Security
Feb-17,111,Information & security Team Leader,Policy and Science,Information Governance
Feb-17,112,Security Manager,External Requester ,Security
Feb-17,113,Information Architect,External Requester ,Records Management - Other
Feb-17,114,Information Governance Manager,Wales and Regulatory Delivery,Information Governance
Feb-17,115,Information & security Team Leader,Operations,Records Management - Other
Feb-17,116,Security Manager,Policy and Science,Records Management - Wisdom
Jan-17,117,Security Manager,External Requester ,Security
Feb-17,118,Information Architect,Policy and Science,Information Governance
Feb-17,119,Information Governance Manager,Finance and Performance,Records Management - Other
Feb-17,120,Information & security Team Leader,Regulatory and Legal Strategy,Information Governance
Feb-17,121,Information & security Team Leader,Finance and Performance,Records Management - Other
Feb-17,122,Information Architect,External Requester ,Information Governance
Feb-17,123,Information & security Team Leader,Openness Data and Digital,Information Governance
Feb-17,124,Information & security Team Leader,Operations,Records Management - Other
Feb-17,125,Information Architect,Policy and Science,Records Management - Wisdom
Feb-17,126,Information Governance Manager,Openness Data and Digital,Information Governance
Feb-17,127,Information Architect,Finance and Performance,Records Management - Wisdom
Feb-17,128,Information Architect,Wales and Regulatory Delivery,Records Management - Wisdom
Feb-17,129,Security Manager,Openness Data and Digital,Security
Feb-17,130,Information Governance Manager,Finance and Performance,Records Management - Other
Feb-17,131,Information & security Team Leader,External Requester ,Information Governance
Feb-17,132,Information Architect,Operations,Records Management - Wisdom
Feb-17,133,Security Manager,Policy and Science,Security
Feb-17,134,Information Governance Manager,Openness Data and Digital,Information Governance
Feb-17,135,Deputy IT Security Officer,Policy and Science,Security
Feb-17,136,Information & security Team Leader,External Requester ,Information Governance
Feb-17,137,Information & security Team Leader,Wales and Regulatory Delivery,Information Governance
Feb-17,138,Information Architect,Openness Data and Digital,Records Management - Wisdom
Feb-17,139,Information Architect,Regulatory and Legal Strategy,Records Management - Wisdom
Feb-17,140,Information Architect,External Requester ,Records Management - Other
Feb-17,141,Information Architect,Finance and Performance,Records Management - Wisdom
Feb-17,142,Security Manager,Policy and Science,Records Management - Other
Feb-17,143,Information Governance Manager,Regulatory and Legal Strategy,Records Management - Other
Feb-17,144,Information Architect,Regulatory and Legal Strategy,Records Management - Wisdom
Feb-17,145,Information Architect,Finance and Performance,Records Management - Wisdom
Feb-17,146,Information Architect,NI and Organisational Development,Records Management - Wisdom
Feb-17,147,Information & security Team Leader,Policy and Science,Records Management - Wisdom
Feb-17,148,Information Architect,Openness Data and Digital,Records Management - Wisdom
Jan-17,149,Security Manager,Finance and Performance,Security
Feb-17,150,Security Manager,Finance and Performance,Records Management - Other
Feb-17,151,Information & security Team Leader,Openness Data and Digital,Records Management - Other
Feb-17,152,Information Governance Manager,Finance and Performance,Records Management - Other
Feb-17,153,Information Governance Manager,Finance and Performance,Records Management - Other
Feb-17,154,Security Manager,External Requester ,Records Management - Other
Feb-17,155,Security Manager,External Requester ,Information Governance
Feb-17,156,Information Governance Manager,Wales and Regulatory Delivery,Information Governance
Feb-17,157,Information Architect,Wales and Regulatory Delivery,Records Management - Wisdom
Feb-17,158,Information Architect,NI and Organisational Development,Records Management - Wisdom
Feb-17,159,Information Architect,Operations,Records Management - Wisdom
Mar-17,160,Deputy IT Security Officer,External Requester ,Security
Feb-17,161,Information & security Team Leader,Openness Data and Digital,Information Governance
Mar-17,162,Deputy IT Security Officer,External Requester ,Information Governance
Mar-17,163,Information Architect,Finance and Performance,Records Management - Other
Mar-17,164,Information Governance Manager,Wales and Regulatory Delivery,Information Governance
Mar-17,165,Information Architect,Regulatory and Legal Strategy,Records Management - Wisdom
Mar-17,166,Information Architect,Operations,Records Management - Wisdom
Mar-17,167,Security Manager,Openness Data and Digital,Security
Mar-17,168,Information Architect,Wales and Regulatory Delivery,Records Management - Wisdom
Mar-17,169,Information Architect,Regulatory and Legal Strategy,Records Management - Wisdom
Mar-17,170,Information Architect,Policy and Science,Records Management - Wisdom
Mar-17,171,Information & security Team Leader,External Requester ,Records Management - Other
Mar-17,172,Information Architect,Regulatory and Legal Strategy,Records Management - Wisdom
Mar-17,173,Information Governance Manager,Regulatory and Legal Strategy,Information Governance
Mar-17,174,Information Governance Manager,NI and Organisational Development,Information Governance
Mar-17,175,Information Governance Manager,Finance and Performance,Records Management - Other
Mar-17,176,Information Governance Manager,External Requester ,Information Governance
Mar-17,176,Information Governance Manager,Regulatory and Legal Strategy,Records Management - Other
Mar-17,177,Information Architect,Policy and Science,Information Governance
Mar-17,178,Information Architect,Policy and Science,Records Management - Wisdom
Mar-17,179,Information Architect,External Requester ,Records Management - Wisdom
Mar-17,180,Information Architect,External Requester ,Records Management - Other
Mar-17,181,Security Manager,External Requester ,Security
Mar-17,182,Information Architect,Policy and Science,Information Governance
Mar-17,183,Information & security Team Leader,NI and Organisational Development,Records Management - Wisdom
Mar-17,184,Security Manager,Openness Data and Digital,Security
Feb-17,185,Information Architect,External Requester ,Records Management - Wisdom
Mar-17,186,Deputy IT Security Officer,External Requester ,Security
Mar-17,187,Information Architect,External Requester ,Information Governance
Mar-17,188,Security Manager,External Requester ,Information Governance
Mar-17,189,Information Architect,Operations,Information Governance
Mar-17,190,Information Architect,Openness Data and Digital,Information Governance
Mar-17,191,Information Architect,Openness Data and Digital,Records Management - Wisdom
Mar-17,192,Information Architect,Operations,Records Management - Wisdom
Mar-17,193,Information Architect,Operations,Records Management - Wisdom
Mar-17,194,Information Governance Manager,Finance and Performance,Information Governance
Mar-17,195,Security Manager,External Requester ,Security
Mar-17,196,Security Manager,Finance and Performance,Information Governance
Mar-17,197,Security Manager,External Requester ,Information Governance
Mar-17,198,Information Architect,External Requester ,Records Management - Other
Mar-17,199,Information Governance Manager,Finance and Performance,Information Governance
Mar-17,200,Security Manager,External Requester ,Security
Mar-17,201,Security Manager,Openness Data and Digital,Security
Mar-17,202,Information Architect,Finance and Performance,Records Management - Wisdom
Mar-17,203,Information Architect,Operations,Records Management - Wisdom
Mar-17,204,Information Architect,Operations,Records Management - Wisdom
Mar-17,205,Information Architect,Finance and Performance,Records Management - Wisdom
Mar-17,206,Information Architect,External Requester ,Records Management - Wisdom
Mar-17,207,Security Manager,Regulatory and Legal Strategy,Records Management - Other
Mar-17,208,Information Architect,Regulatory and Legal Strategy,Records Management - Other
Mar-17,209,Security Manager,Openness Data and Digital,Security
Mar-17,210,Security Manager,External Requester ,Security
Mar-17,211,Security Manager,Openness Data and Digital,Security
Mar-17,212,Security Manager,Openness Data and Digital,Security
Mar-17,213,Information & security Team Leader,Operations,Information Governance
Mar-17,214,Information Architect,Regulatory and Legal Strategy,Records Management - Wisdom
Mar-17,215,Head of Information Management ,Openness Data and Digital,Information Governance
Mar-17,216,Security Manager,External Requester ,Security
Mar-17,217,Security Manager,Finance and Performance,Security
Mar-17,218,Head of Information Management ,External Requester ,Security
Mar-17,219,Information Architect,NI and Organisational Development,Records Management - Other
Mar-17,220,Information & security Team Leader,Operations,Information Governance
Mar-17,221,Information Architect,Policy and Science,Records Management - Other
Mar-17,222,Security Manager,Finance and Performance,Security
Mar-17,223,Security Manager,External Requester ,Security
Mar-17,224,Information & security Team Leader,Policy and Science,Records Management - Other
Mar-17,225,Information Architect,Policy and Science,Records Management - Wisdom
Mar-17,226,Information Architect,Finance and Performance,Records Management - Wisdom
Mar-17,227,Information & security Team Leader,Policy and Science,Information Governance
Mar-17,228,Security Manager,Operations,Security
Apr-17,229,Information Architect,Private Office,Records Management - Wisdom
Apr-17,230,Information Architect,Regulatory and Legal Strategy,Records Management - Wisdom
Apr-17,231,Information Governance Manager,Wales and Regulatory Delivery,Records Management - Other
Mar-17,232,Information & security Team Leader,Openness Data and Digital,Information Governance
Mar-17,233,Security Manager,Policy and Science,Security
Mar-17,234,Information Architect,Policy and Science,Records Management - Wisdom
Mar-17,235,Information Architect,Wales and Regulatory Delivery,Records Management - Wisdom
Mar-17,236,Information Architect,Wales and Regulatory Delivery,Records Management - Wisdom
Apr-17,237,Security Manager,External Requester ,Security
Apr-17,238,Deputy IT Security Officer,Regulatory and Legal Strategy,Records Management - Wisdom
Apr-17,239,Information Architect,Operations,Records Management - Wisdom
Mar-17,240,Information & security Team Leader,Operations,Information Governance
Apr-17,241,Information & security Team Leader,Wales and Regulatory Delivery,Information Governance
Apr-17,242,Information Architect,Openness Data and Digital,Records Management - Wisdom
Apr-17,243,Information Architect,Wales and Regulatory Delivery,Records Management - Wisdom
Apr-17,244,Information Architect,NI and Organisational Development,Records Management - Wisdom
Apr-17,245,Information & security Team Leader,Operations,Information Governance
Apr-17,246,Security Manager,External Requester ,Security
Apr-17,247,Information & security Team Leader,Wales and Regulatory Delivery,Information Governance
Mar-17,248,Deputy IT Security Officer,Policy and Science,Security
Mar-17,249,Deputy IT Security Officer,Openness Data and Digital,Security
Mar-17,250,Deputy IT Security Officer,Openness Data and Digital,Security
Mar-17,251,Deputy IT Security Officer,Operations,Security
Mar-17,252,Deputy IT Security Officer,Openness Data and Digital,Security
Mar-17,253,Deputy IT Security Officer,Openness Data and Digital,Security
Mar-17,254,Deputy IT Security Officer,Openness Data and Digital,Security
Mar-17,255,Deputy IT Security Officer,Regulatory and Legal Strategy,Security
Mar-17,256,Deputy IT Security Officer,Openness Data and Digital,Security
Mar-17,257,Deputy IT Security Officer,Operations,Security
Mar-17,258,Deputy IT Security Officer,External Requester ,Security
Mar-17,259,Deputy IT Security Officer,Regulatory and Legal Strategy,Security
Mar-17,260,Deputy IT Security Officer,Policy and Science,Security
Mar-17,261,Information Governance Manager,Openness Data and Digital,Security
Mar-17,262,Information Governance Manager,Openness Data and Digital,Information Governance
Mar-17,263,Information Governance Manager,Finance and Performance,Information Governance
Apr-17,264,Information Architect,Operations,Records Management - Wisdom
Apr-17,265,Security Manager,NI and Organisational Development,Security
Apr-17,266,Security Manager,Operations,Security
Apr-17,267,Information Architect,Regulatory and Legal Strategy,Records Management - Wisdom
Mar-17,268,Deputy IT Security Officer,Finance and Performance,Security
Mar-17,269,Deputy IT Security Officer,Openness Data and Digital,Security
Mar-17,270,Deputy IT Security Officer,Operations,Security
Mar-17,271,Deputy IT Security Officer,Finance and Performance,Security
Apr-17,272,Information Architect,Policy and Science,Records Management - Wisdom
Apr-17,273,Information Architect,Policy and Science,Records Management - Other
Apr-17,274,Information Architect,Openness Data and Digital,Records Management - Wisdom
Apr-17,275,Security Manager,Openness Data and Digital,Security
Apr-17,276,Security Manager,Wales and Regulatory Delivery,Security
Apr-17,277,Information Architect,Policy and Science,Records Management - Wisdom
Apr-17,278,Information Governance Manager,External Requester ,Information Governance
Apr-17,279,Security Manager,External Requester ,Security
Mar-17,280,Information & security Team Leader,Policy and Science,Security
Apr-17,281,Information & security Team Leader,Openness Data and Digital,Records Management - Wisdom
Apr-17,282,Information & security Team Leader,External Requester ,Records Management - Wisdom
Mar-17,283,Deputy IT Security Officer,NI and Organisational Development,Security
Mar-17,284,Deputy IT Security Officer,External Requester ,Security
Mar-17,285,Deputy IT Security Officer,Openness Data and Digital,Security
Apr-17,286,Information Architect,Wales and Regulatory Delivery,Records Management - Wisdom
Apr-17,287,Information Architect,Operations,Records Management - Wisdom
Apr-17,288,Information Architect,Operations,Records Management - Wisdom
Apr-17,289,Information Governance Manager,Regulatory and Legal Strategy,Records Management - Other
Mar-17,290,Deputy IT Security Officer,External Requester ,Security
Mar-17,291,Deputy IT Security Officer,Openness Data and Digital,Security
Mar-17,292,Deputy IT Security Officer,External Requester ,Security
Mar-17,293,Deputy IT Security Officer,Operations,Security
Mar-17,294,Deputy IT Security Officer,Regulatory and Legal Strategy,Security
Mar-17,295,Deputy IT Security Officer,External Requester ,Security
Mar-17,296,Deputy IT Security Officer,Regulatory and Legal Strategy,Security
Mar-17,297,Deputy IT Security Officer,Regulatory and Legal Strategy,Security
Mar-17,298,Deputy IT Security Officer,Openness Data and Digital,Security
Mar-17,299,Deputy IT Security Officer,External Requester ,Security
Mar-17,300,Deputy IT Security Officer,Finance and Performance,Records Management - Other
Mar-17,301,Deputy IT Security Officer,Regulatory and Legal Strategy,Security
Mar-17,302,Deputy IT Security Officer,External Requester ,Security
Mar-17,303,Deputy IT Security Officer,Wales and Regulatory Delivery,Security
Mar-17,304,Deputy IT Security Officer,External Requester ,Security
Mar-17,305,Deputy IT Security Officer,Wales and Regulatory Delivery,Security
Mar-17,306,Deputy IT Security Officer,Openness Data and Digital,Security
Mar-17,307,Deputy IT Security Officer,Openness Data and Digital,Security
Mar-17,308,Deputy IT Security Officer,Operations,Security
Mar-17,309,Deputy IT Security Officer,External Requester ,Security
Mar-17,310,Deputy IT Security Officer,External Requester ,Security
Mar-17,311,Deputy IT Security Officer,NI and Organisational Development,Security
Mar-17,312,Deputy IT Security Officer,External Requester ,Security
Mar-17,313,Deputy IT Security Officer,External Requester ,Security
Mar-17,314,Deputy IT Security Officer,External Requester ,Security
Mar-17,315,Deputy IT Security Officer,External Requester ,Security
Mar-17,316,Deputy IT Security Officer,External Requester ,Security
Mar-17,317,Deputy IT Security Officer,External Requester ,Security
Mar-17,318,Deputy IT Security Officer,External Requester ,Security
Mar-17,319,Deputy IT Security Officer,External Requester ,Security
Mar-17,320,Deputy IT Security Officer,Regulatory and Legal Strategy,Security
Mar-17,321,Deputy IT Security Officer,External Requester ,Security
Apr-17,322,Deputy IT Security Officer,External Requester ,Security
Apr-17,325,Deputy IT Security Officer,External Requester ,Security
Apr-17,326,Information Architect,Wales and Regulatory Delivery,Records Management - Wisdom
Apr-17,327,Security Manager,External Requester ,Security
Apr-17,328,Deputy IT Security Officer,Regulatory and Legal Strategy,Security
Apr-17,329,Deputy IT Security Officer,External Requester ,Security
Apr-17,330,Information Architect,Policy and Science,Information Governance
Apr-17,331,Information Governance Manager,Regulatory and Legal Strategy,Records Management - Other
Apr-17,332,Security Manager,External Requester ,Security
Apr-17,333,Security Manager,Regulatory and Legal Strategy,Security
Apr-17,334,Information Architect,Wales and Regulatory Delivery,Information Governance
Apr-17,335,Security Manager,Finance and Performance,Records Management - Other
Apr-17,336,Security Manager,External Requester ,Records Management - Other
Apr-17,337,Deputy IT Security Officer,External Requester ,Security
Apr-17,338,Deputy IT Security Officer,External Requester ,Security
Apr-17,339,Deputy IT Security Officer,Regulatory and Legal Strategy,Records Management - Other
Apr-17,340,Deputy IT Security Officer,External Requester ,Security
Apr-17,341,Deputy IT Security Officer,External Requester ,Security
Apr-17,342,Deputy IT Security Officer,Operations,Security
Apr-17,343,Information & security Team Leader,Policy and Science,Information Governance
Apr-17,344,Information Architect,Finance and Performance,Records Management - Wisdom
Apr-17,345,Information Architect,Finance and Performance,Records Management - Wisdom
Apr-17,347,Deputy IT Security Officer,Regulatory and Legal Strategy,Records Management - Other
Apr-17,348,Information & security Team Leader,Policy and Science,Information Governance
Apr-17,349,Information Governance Manager,Operations,Information Governance
Apr-17,350,Information Architect,Regulatory and Legal Strategy,Records Management - Wisdom
Apr-17,351,Information Architect,Finance and Performance,Records Management - Other
Apr-17,352,Information Architect,Finance and Performance,Records Management - Wisdom
Apr-17,353,Information Architect,Policy and Science,Records Management - Wisdom
Apr-17,354,Security Manager,External Requester ,Security
Apr-17,355,Deputy IT Security Officer,Operations,Security
Apr-17,356,Deputy IT Security Officer,Wales and Regulatory Delivery,Security
Apr-17,358,Information & security Team Leader,NI and Organisational Development,Records Management - Other
Apr-17,359,Security Manager,External Requester ,Information Governance
Apr-17,360,Security Manager,External Requester ,Information Governance
Apr-17,361,Information & security Team Leader,Wales and Regulatory Delivery,Information Governance
Apr-17,362,Information Governance Manager,Operations,Information Governance
Apr-17,363,Security Manager,External Requester ,Security
May-17,364,Information Architect,Regulatory and Legal Strategy,Records Management - Wisdom
May-17,365,Head of Information Management ,Openness Data and Digital,Records Management - Other
May-17,366,Information & security Team Leader,Finance and Performance,Records Management - Other
May-17,367,Security Manager,Wales and Regulatory Delivery,Security
May-17,368,Deputy IT Security Officer,Regulatory and Legal Strategy,Information Governance
May-17,369,Deputy IT Security Officer,Openness Data and Digital,Information Governance
May-17,370,Information Architect,Finance and Performance,Records Management - Wisdom
May-17,371,Information Architect,Regulatory and Legal Strategy,Records Management - Wisdom
May-17,372,Information Architect,Regulatory and Legal Strategy,Records Management - Wisdom
May-17,373,Information Architect,External Requester ,Records Management - Wisdom
May-17,374,Security Manager,Finance and Performance,Security
May-17,375,Deputy IT Security Officer,Openness Data and Digital,Security
May-17,376,Deputy IT Security Officer,Openness Data and Digital,Security
May-17,377,Information Architect,Policy and Science,Records Management - Wisdom
May-17,378,Information & security Team Leader,NI and Organisational Development,Records Management - Wisdom
May-17,379,Information Architect,Wales and Regulatory Delivery,Records Management - Wisdom
May-17,380,Information Architect,Wales and Regulatory Delivery,Records Management - Wisdom
May-17,381,Information Architect,Regulatory and Legal Strategy,Records Management - Wisdom
May-17,382,Information Architect,Operations,Records Management - Wisdom
May-17,383,Information Architect,Wales and Regulatory Delivery,Records Management - Wisdom
May-17,384,Information Governance Manager,External Requester ,Information Governance
May-17,385,Deputy IT Security Officer,Policy and Science,Security
May-17,386,Information Architect,Policy and Science,Records Management - Other
May-17,387,Information Architect,Policy and Science,Records Management - Wisdom
May-17,388,Security Manager,External Requester ,Security
May-17,389,Information & security Team Leader,Openness Data and Digital,Information Governance
May-17,390,Security Manager,Openness Data and Digital,Security
May-17,391,Information Architect,Finance and Performance,Records Management - Other
May-17,392,Information Architect,Operations,Security
May-17,393,Information Architect,Finance and Performance,Records Management - Wisdom
May-17,394,Information & security Team Leader,Finance and Performance,Records Management - Other
May-17,395,Information & security Team Leader,Wales and Regulatory Delivery,Information Governance
May-17,396,Information Governance Manager,Finance and Performance,Records Management - Other
May-17,397,Information Governance Manager,Finance and Performance,Records Management - Other
May-17,398,Security Manager,Operations,Security
May-17,399,Security Manager,Private Office,Security
May-17,400,Information Governance Manager,Openness Data and Digital,Information Governance
May-17,401,Information Governance Manager,Operations,Information Governance
May-17,402,Information Architect,Finance and Performance,Records Management - Wisdom
May-17,403,Information & security Team Leader,Policy and Science,Records Management - Other
May-17,404,Information Architect,External Requester ,Records Management - Wisdom
May-17,405,Security Manager,Openness Data and Digital,Security
May-17,406,Information Architect,Finance and Performance,Records Management - Wisdom
May-17,407,Information Architect,Finance and Performance,Records Management - Wisdom
May-17,408,Deputy IT Security Officer,Operations,Security
May-17,409,Deputy IT Security Officer,Operations,Security
May-17,410,Deputy IT Security Officer,Regulatory and Legal Strategy,Security
May-17,411,Deputy IT Security Officer,External Requester ,Security
May-17,412,Information Architect,Policy and Science,Records Management - Wisdom
May-17,413,Information Architect,Policy and Science,Records Management - Wisdom
May-17,414,Information Architect,Operations,Records Management - Wisdom
May-17,415,Security Manager,External Requester ,Security
May-17,416,Information Architect,Finance and Performance,Records Management - Wisdom
May-17,417,Information Architect,Policy and Science,Records Management - Wisdom
May-17,418,Information Governance Manager,Policy and Science,Information Governance
May-17,419,Security Manager,External Requester ,Security
May-17,420,Security Manager,Operations,Security
May-17,421,Security Manager,Finance and Performance,Security
May-17,422,Information & security Team Leader,Finance and Performance,Records Management - Other
May-17,423,Deputy IT Security Officer,Operations,Security
May-17,424,Deputy IT Security Officer,External Requester ,Information Governance
May-17,425,Deputy IT Security Officer,Operations,Security
May-17,426,Deputy IT Security Officer,Operations,Security
May-17,427,Deputy IT Security Officer,Openness Data and Digital,Security
May-17,428,Deputy IT Security Officer,External Requester ,Security
May-17,429,Deputy IT Security Officer,Regulatory and Legal Strategy,Security
May-17,430,Deputy IT Security Officer,Private Office,Security
May-17,431,Deputy IT Security Officer,Private Office,Security
May-17,432,Deputy IT Security Officer,Wales and Regulatory Delivery,Security
May-17,433,Information Architect,Policy and Science,Records Management - Wisdom
May-17,434,Information Architect,Policy and Science,Records Management - Other
May-17,435,Information Architect,Policy and Science,Records Management - Wisdom
May-17,436,Deputy IT Security Officer,External Requester ,Security
May-17,437,Information Governance Manager,Operations,Information Governance
May-17,438,Information Architect,Wales and Regulatory Delivery,Records Management - Wisdom
May-17,439,Deputy IT Security Officer,Policy and Science,Security
May-17,440,Information & security Team Leader,Policy and Science,Records Management - Other
May-17,441,Information & security Team Leader,Openness Data and Digital,Information Governance
May-17,442,Information & security Team Leader,Wales and Regulatory Delivery,Information Governance
May-17,443,Information & security Team Leader,Finance and Performance,Records Management - Other
May-17,444,Information & security Team Leader,Finance and Performance,Records Management - Other
Jun-17,445,Information & security Team Leader,Operations,Information Governance
Jun-17,446,Security Manager,Policy and Science,Security
Jun-17,447,Information & security Team Leader,Finance and Performance,Records Management - Wisdom
Jun-17,448,Security Manager,Policy and Science,Security
Jun-17,449,Deputy IT Security Officer,Finance and Performance,Security
Jun-17,500,Security Manager,Operations,Security
Jun-17,501,Information & security Team Leader,Regulatory and Legal Strategy,Records Management - Wisdom
Jun-17,502,Security Manager,Openness Data and Digital,Security
Jun-17,503,Security Manager,Operations,Security
Jun-17,504,Information & security Team Leader,Operations,Records Management - Other
Jun-17,505,Information & security Team Leader,Operations,Records Management - Other
Jun-17,506,Security Manager,Operations,Records Management - Other
Jun-17,507,Information & security Team Leader,Operations,Records Management - Wisdom
Jun-17,508,Security Manager,Finance and Performance,Security
Jun-17,509,Information Governance Manager,Regulatory and Legal Strategy,Records Management - Other
Apr-17,510,Information Governance Manager,External Requester ,Information Governance
May-17,511,Information Governance Manager,Wales and Regulatory Delivery,Information Governance
May-17,512,Information Governance Manager,NI and Organisational Development,Information Governance
May-17,513,Information Governance Manager,Wales and Regulatory Delivery,Records Management - Other
Jun-17,514,Information & security Team Leader,Operations,Information Governance
Jun-17,515,Information & security Team Leader,Operations,Information Governance
Jun-17,516,Information Architect,Wales and Regulatory Delivery,Records Management - Other
Jun-17,517,Information & security Team Leader,Operations,Information Governance
Jun-17,518,Information & security Team Leader,Finance and Performance,Information Governance
Jun-17,519,Security Manager,Openness Data and Digital,Security
Jun-17,520,Information Architect,Regulatory and Legal Strategy,Records Management - Wisdom
Jun-17,521,Security Manager,Operations,Security
Jun-17,522,Security Manager,Finance and Performance,Security
Jun-17,523,Security Manager,Regulatory and Legal Strategy,Security
Jun-17,524,Security Manager,Openness Data and Digital,Security
Jun-17,525,Deputy IT Security Officer,External Requester ,Records Management - Other
Jun-17,526,Deputy IT Security Officer,External Requester ,Security
Jun-17,527,Deputy IT Security Officer,External Requester ,Security
Jun-17,528,Deputy IT Security Officer,Finance and Performance,Records Management - Other
Jun-17,529,Deputy IT Security Officer,Operations,Security
Jun-17,530,Information & security Team Leader,Regulatory and Legal Strategy,Information Governance
Jun-17,531,Security Manager,Openness Data and Digital,Security
Jun-17,532,Security Manager,Regulatory and Legal Strategy,Security
Jun-17,533,Deputy IT Security Officer,Policy and Science,Security
Jun-17,534,Deputy IT Security Officer,Openness Data and Digital,Records Management - Other
Jun-17,535,Deputy IT Security Officer,Openness Data and Digital,Records Management - Other
Jun-17,536,Deputy IT Security Officer,Operations,Security
Jun-17,537,Deputy IT Security Officer,Operations,Security
Jun-17,538,Information Architect,Wales and Regulatory Delivery,Records Management - Wisdom
Jun-17,539,Information Architect,Regulatory and Legal Strategy,Records Management - Wisdom
Jun-17,540,Information Architect,Regulatory and Legal Strategy,Records Management - Wisdom
Jun-17,541,Information Architect,Regulatory and Legal Strategy,Records Management - Wisdom
Jun-17,542,Deputy IT Security Officer,Policy and Science,Security
Jun-17,543,Deputy IT Security Officer,Wales and Regulatory Delivery,Security
Jun-17,544,Deputy IT Security Officer,Operations,Security
Jun-17,545,Deputy IT Security Officer,Policy and Science,Security
Jun-17,546,Deputy IT Security Officer,Regulatory and Legal Strategy,Security
Jun-17,547,Deputy IT Security Officer,Wales and Regulatory Delivery,Security
Jun-17,548,Deputy IT Security Officer,Operations,Security
Jun-17,549,Deputy IT Security Officer,Operations,Security
Jun-17,550,Deputy IT Security Officer,Operations,Security
Jun-17,551,Deputy IT Security Officer,Operations,Security
Jun-17,552,Deputy IT Security Officer,Operations,Security
Jun-17,553,Deputy IT Security Officer,Openness Data and Digital,Security
Jun-17,554,Deputy IT Security Officer,Openness Data and Digital,Security
Jun-17,555,Security Manager,Openness Data and Digital,Security
Jun-17,556,Security Manager,Openness Data and Digital,Security
Jun-17,557,Security Manager,Finance and Performance,Security
Jun-17,558,Deputy IT Security Officer,Operations,Security
Jun-17,559,Deputy IT Security Officer,Policy and Science,Security
Jun-17,560,Deputy IT Security Officer,Openness Data and Digital,Security
Jun-17,561,Security Manager,Openness Data and Digital,Security
Jun-17,562,Information & security Team Leader,Wales and Regulatory Delivery,Records Management - Wisdom
Jun-17,563,Deputy IT Security Officer,Finance and Performance,Information Governance
Jun-17,564,Deputy IT Security Officer,Operations,Security
Jun-17,565,Information Architect,Wales and Regulatory Delivery,Records Management - Wisdom
Jun-17,566,Information & security Team Leader,External Requester ,Records Management - Other
Jun-17,567,Deputy IT Security Officer,Finance and Performance,Security
Jun-17,568,Deputy IT Security Officer,Finance and Performance,Security
Jun-17,569,Information Architect,Wales and Regulatory Delivery,Records Management - Wisdom
Jun-17,570,Information Architect,Finance and Performance,Records Management - Wisdom
Jun-17,571,Information Architect,Finance and Performance,Records Management - Wisdom
Jun-17,572,Information Architect,Operations,Records Management - Wisdom
Jun-17,573,Security Manager,Openness Data and Digital,Records Management - Wisdom
Jun-17,574,Security Manager,Finance and Performance,Security
Jun-17,575,Security Manager,External Requester ,Security
Jun-17,576,Security Manager,External Requester ,Security
Jun-17,577,Security Manager,External Requester ,Security
Jun-17,578,Security Manager,External Requester ,Security
Jun-17,579,Security Manager,External Requester ,Security
Jun-17,580,Security Manager,External Requester ,Security
Jun-17,581,Security Manager,External Requester ,Security
Jun-17,582,Security Manager,External Requester ,Security
Jun-17,583,Security Manager,External Requester ,Security
Jun-17,584,Information Architect,Wales and Regulatory Delivery,Records Management - Wisdom
Jun-17,585,Deputy IT Security Officer,Regulatory and Legal Strategy,Records Management - Wisdom
Jun-17,586,Deputy IT Security Officer,Operations,Records Management - Wisdom
Jun-17,587,Security Manager,External Requester ,Security
Jun-17,588,Deputy IT Security Officer,Policy and Science,Security
Jun-17,589,Deputy IT Security Officer,Wales and Regulatory Delivery,Security
Jun-17,590,Deputy IT Security Officer,Policy and Science,Security
Jun-17,591,Information Architect,Regulatory and Legal Strategy,Security
Jun-17,592,Deputy IT Security Officer,Operations,Security
Jun-17,593,Security Manager,External Requester ,Security
Jun-17,594,Deputy IT Security Officer,Policy and Science,Security
Jun-17,595,Deputy IT Security Officer,Regulatory and Legal Strategy,Security
Jun-17,596,Security Manager,Regulatory and Legal Strategy,Security
Jun-17,597,Deputy IT Security Officer,Operations,Security
Jun-17,598,Security Manager,Finance and Performance,Security
Jun-17,599,Deputy IT Security Officer,Operations,Security
Jun-17,600,Security Manager,Operations,Security
Jun-17,601,Information Architect,Openness Data and Digital,Wisdom
Jun-17,602,Information Architect,Operations,Wisdom
Jun-17,603,Information Architect,Regulatory and Legal Strategy,Wisdom
Jun-17,604,Information Architect,Regulatory and Legal Strategy,Wisdom
Jun-17,605,Information Architect,Policy and Science,Wisdom
Jun-17,606,Information Architect,Regulatory and Legal Strategy,Wisdom
Jun-17,607,Security Manager,Finance and Performance,Security
Jun-17,608,Information Architect,Openness Data and Digital,Wisdom
Jul-17,609,Deputy IT Security Officer,Policy and Science,Security
Jul-17,610,Deputy IT Security Officer,Openness Data and Digital,Security
Jul-17,611,Information & security Team Leader,Policy and Science,Information Governance
Jul-17,612,Deputy IT Security Officer,Operations,Security
Jun-17,613,Deputy IT Security Officer,Finance and Performance,Security
Jul-17,614,Information Architect,Regulatory and Legal Strategy,Wisdom
Jul-17,615,Information Architect,Regulatory and Legal Strategy,Wisdom
Jul-17,616,Information Architect,Regulatory and Legal Strategy,Wisdom
Jul-17,617,Security Manager,External Requester ,Security
Jul-17,618,Information Architect,Finance and Performance,Wisdom
Jul-17,619,Information Architect,Policy and Science,Wisdom
Jul-17,620,Information & security Team Leader,Finance and Performance,Information Governance
Jul-17,621,Security Manager,External Requester ,Security
Jul-17,622,Security Manager,Openness Data and Digital,Security
Jul-17,623,Information & security Team Leader,Regulatory and Legal Strategy,Information Governance
Jul-17,624,Information Architect,Regulatory and Legal Strategy,Wisdom
Jul-17,625,Information Governance Manager,Operations,Records Management - Other
Jul-17,626,Information Architect,Openness Data and Digital,Wisdom
Jul-17,627,Deputy IT Security Officer,Regulatory and Legal Strategy,Security
Jul-17,628,Deputy IT Security Officer,External Requester ,Security
Jul-17,629,Information Architect,Policy and Science,Wisdom
Jul-18,630,Information Governance Manager,External Requester ,Information Governance
Jul-18,631,Information Governance Manager,External Requester ,Information Governance
Jul-17,632,Information Governance Manager,Regulatory and Legal Strategy,Information Governance
Jul-17,633,Security Manager,Openness Data and Digital,Security
Jun-17,634,Security Manager,Operations,Security
Jul-17,635,Deputy IT Security Officer,External Requester ,Security
Jul-17,636,Deputy IT Security Officer,Policy and Science,Security
Jul-17,637,Information Governance Manager,Wales and Regulatory Delivery,Information Governance
Jul-17,638,Security Manager,Policy and Science,Security
Jul-17,639,Information Architect,Finance and Performance,Records Management - Wisdom
Jul-17,640,Information Architect,External Requester ,Records Management - Wisdom
Jul-17,641,Deputy IT Security Officer,Operations,Security
Jul-17,642,Information & security Team Leader,Operations,Records Management - Other
Jul-17,643,Information & security Team Leader,Operations,Records Management - Other
Jul-17,644,Information Architect,Operations,Records Management - Wisdom
Jul-17,645,Deputy IT Security Officer,External Requester ,Security
Jul-17,646,Security Manager,External Requester ,Security
Jul-17,647,Information Governance Manager,Regulatory and Legal Strategy,Information Governance
Jul-17,648,Security Manager,Openness Data and Digital,Security
Jul-17,649,Security Manager,Openness Data and Digital,Security
Jul-17,650,Deputy IT Security Officer,NI and Organisational Development,Security
Jul-17,651,Security Manager,Openness Data and Digital,Security
Jul-17,652,Security Manager,Finance and Performance,Security
Jul-17,653,Security Manager,Openness Data and Digital,Security
Jul-17,654,Security Manager,Operations,Security
Jul-17,655,Deputy IT Security Officer,Finance and Performance,Security
Jul-17,656,Information Architect,Operations,Records Management - Wisdom
Jul-17,657,Deputy IT Security Officer,Finance and Performance,Security
Jul-17,658,Information Architect,Openness Data and Digital,Records Management - Wisdom
Jul-17,659,Information Architect,Regulatory and Legal Strategy,Records Management - Wisdom
Jul-17,660,Deputy IT Security Officer,Openness Data and Digital,Security
Jul-17,661,Information Architect,Policy and Science,Records Management - Wisdom
Jul-17,662,Information Architect,Private Office,Records Management - Wisdom
Jul-17,663,Deputy IT Security Officer,Operations,Security
Jul-17,664,Deputy IT Security Officer,External Requester ,Information Governance
Jul-17,665,Deputy IT Security Officer,External Requester ,Security
Jul-17,666,Deputy IT Security Officer,External Requester ,Security
Jul-17,667,Information Architect,Wales and Regulatory Delivery,Records Management - Wisdom
Jul-17,668,Deputy IT Security Officer,Operations,Security
Jul-17,669,Information Architect,Openness Data and Digital,Records Management - Wisdom
Jul-17,670,Deputy IT Security Officer,Operations,Security
Jul-17,671,Deputy IT Security Officer,Finance and Performance,Security
Jul-17,672,Deputy IT Security Officer,NI and Organisational Development,Security
Jul-17,673,Deputy IT Security Officer,Operations,Security
Jul-17,674,Information Governance Manager,Wales and Regulatory Delivery,Information Governance
Jul-17,675,Information Architect,Wales and Regulatory Delivery,Records Management - Wisdom
Jul-17,676,Information Governance Manager,External Requester ,Information Governance
Jul-17,677,Head of Information Management ,Policy and Science,Information Governance
Jul-17,678,Deputy IT Security Officer,Operations,Security
Jul-17,679,Information Architect,Policy and Science,Records Management - Other
Jul-17,680,Deputy IT Security Officer,Openness Data and Digital,Security
Jul-17,681,Deputy IT Security Officer,External Requester ,Security
Jul-17,682,Information & security Team Leader,Operations,Information Governance
Jul-17,683,Information Architect,Operations,Information Governance
Jul-17,684,Deputy IT Security Officer,Operations,Security
Jul-17,685,Information Architect,Wales and Regulatory Delivery,Records Management - Wisdom
Jul-17,686,Information Architect,Private Office,Records Management - Wisdom
Jul-17,687,Information & security Team Leader,Private Office,Information Governance
Jul-17,688,Information Governance Manager,NI and Organisational Development,Information Governance
Jul-17,689,Information Architect,Regulatory and Legal Strategy,Records Management - Wisdom
Jul-17,690,Deputy IT Security Officer,External Requester ,Security
Jul-17,691,Information Architect,Operations,Records Management - Wisdom
Jul-17,692,Deputy IT Security Officer,Policy and Science,Security
Jul-17,693,Deputy IT Security Officer,Regulatory and Legal Strategy,Security
Jul-17,694,Deputy IT Security Officer,Operations,Security
Jul-17,695,Deputy IT Security Officer,Operations,Security
Jul-17,696,Deputy IT Security Officer,Operations,Security
Jul-17,697,Deputy IT Security Officer,Operations,Information Governance
Jul-17,698,Deputy IT Security Officer,Operations,Security
Jul-17,699,Deputy IT Security Officer,Operations,Security
Jul-17,700,Deputy IT Security Officer,Operations,Security
Jul-17,701,Deputy IT Security Officer,Operations,Security
Aug-17,702,Deputy IT Security Officer,Operations,Security
Aug-17,703,Deputy IT Security Officer,Operations,Security
Aug-17,704,Deputy IT Security Officer,Openness Data and Digital,Security
Aug-17,705,Deputy IT Security Officer,Operations,Security
Aug-17,706,Information Architect,Policy and Science,Records Management - Wisdom
Aug-17,707,Deputy IT Security Officer,Operations,Security
Aug-17,708,Information Architect,External Requester ,Records Management - Other
Aug-17,709,Deputy IT Security Officer,Wales and Regulatory Delivery,Security
Aug-17,710,Deputy IT Security Officer,Operations,Security
Aug-17,711,Deputy IT Security Officer,Operations,Security
Aug-17,712,Information & security Team Leader,Policy and Science,Information Governance
Aug-17,713,Deputy IT Security Officer,Operations,Security
Aug-17,714,Head of Information Management ,Openness Data and Digital,Information Governance
Aug-17,715,Information Architect,Policy and Science,Records Management - Wisdom
Aug-17,716,Deputy IT Security Officer,Operations,Security
Aug-17,717,Information Architect,Wales and Regulatory Delivery,Information Governance
Jul-17,718,Security Manager,External Requester ,Security
Jul-17,719,Security Manager,External Requester ,Security
Jul-17,720,Information & security Team Leader,NI and Organisational Development,Information Governance
Aug-17,721,Information Architect,Finance and Performance,Records Management - Wisdom
Aug-17,722,Deputy IT Security Officer,Operations,Security
Aug-17,723,Security Manager,External Requester ,Security
Jul-17,724,Security Manager,Openness Data and Digital,Security
Aug-17,725,Information Architect,Openness Data and Digital,Records Management - Wisdom
Aug-17,726,Information Architect,Finance and Performance,Records Management - Wisdom
Aug-17,727,Security Manager,NI and Organisational Development,Security
Aug-17,728,Security Manager,Operations,Security
Aug-17,729,Information & security Team Leader,External Requester ,Records Management - Other
Aug-17,730,Security Manager,Policy and Science,Security
Aug-17,731,Security Manager,External Requester ,Security
Aug-17,732,Security Manager,External Requester ,Security
Aug-17,733,Security Manager,External Requester ,Security
Aug-17,734,Security Manager,External Requester ,Security
Aug-17,735,Security Manager,Regulatory and Legal Strategy,Records Management - Other
Aug-17,736,Security Manager,External Requester ,Security
Aug-17,737,Information & security Team Leader,Policy and Science,Information Governance
Aug-17,738,Security Manager,External Requester ,Security
Aug-17,739,Security Manager,External Requester ,Security
Aug-17,740,Security Manager,External Requester ,Security
Aug-17,741,Information Architect,Regulatory and Legal Strategy,Records Management - Wisdom
Aug-17,742,Security Manager,External Requester ,Security
Aug-17,743,Security Manager,Openness Data and Digital,Security
Aug-17,744,Security Manager,External Requester ,Security
Aug-17,745,Security Manager,Policy and Science,Security
Aug-17,746,Security Manager,NI and Organisational Development,Security
Aug-17,747,Security Manager,Regulatory and Legal Strategy,Security
Aug-17,748,Information Architect,Operations,Records Management - Wisdom
Aug-17,749,Security Manager,Finance and Performance,Security
Aug-17,750,Information & security Team Leader,Openness Data and Digital,Records Management - Other
Aug-17,751,Information Architect,Policy and Science,Records Management - Other
Aug-17,752,Security Manager,Operations,Records Management - Wisdom
Aug-17,753,Security Manager,Policy and Science,Security
Aug-17,754,Security Manager,Regulatory and Legal Strategy,Information Governance
Aug-17,755,Information & security Team Leader,Finance and Performance,Information Governance
Aug-17,756,Information Governance Manager,Operations,Information Governance
Aug-17,757,Information Governance Manager,Operations,Information Governance
Aug-17,758,Information Architect,Private Office,Records Management - Wisdom
Aug-17,759,Security Manager,Operations,Security
Aug-17,760,Security Manager,Regulatory and Legal Strategy,Records Management - Other
Aug-17,761,Security Manager,Openness Data and Digital,Security
Aug-17,762,Information Architect,Finance and Performance,Records Management - Wisdom
Aug-17,763,Information Architect,Wales and Regulatory Delivery,Records Management - Wisdom
Aug-17,764,Information Architect,Regulatory and Legal Strategy,Records Management - Other
Aug-17,765,Security Manager,Openness Data and Digital,Security
Aug-17,766,Security Manager,External Requester ,Security
Aug-17,767,Security Manager,External Requester ,Security
Aug-17,768,Security Manager,Regulatory and Legal Strategy,Security
Aug-17,769,Security Manager,Openness Data and Digital,Security
Aug-17,770,Security Manager,Operations,Security
Aug-17,771,Security Manager,Operations,Security
Aug-17,772,Information Architect,Policy and Science,Records Management - Wisdom
Aug-17,773,Information Architect,Finance and Performance,Records Management - Other
Aug-17,774,Information Governance Manager,Openness Data and Digital,Information Governance
Aug-17,775,Information Architect,Finance and Performance,Records Management - Wisdom
Aug-17,776,Information Governance Manager,Finance and Performance,Records Management - Other
Aug-17,777,Information Architect,Wales and Regulatory Delivery,Records Management - Wisdom
Aug-17,778,Information Architect,Wales and Regulatory Delivery,Records Management - Wisdom
Aug-17,779,Information Governance Manager,External Requester ,Information Governance
Aug-17,780,Information Architect,Wales and Regulatory Delivery,Records Management - Wisdom
Aug-17,781,Security Manager,Openness Data and Digital,Security
Aug-17,782,Information Architect,Wales and Regulatory Delivery,Records Management - Wisdom
Aug-17,783,Security Manager,Openness Data and Digital,Security
Aug-17,784,Deputy IT Security Officer,Regulatory and Legal Strategy,Security
Aug-17,785,Information Architect,Regulatory and Legal Strategy,Records Management - Wisdom
Aug-17,786,Information Governance Manager,Operations,Information Governance
Aug-17,787,Information Governance Manager,Openness Data and Digital,Security
Aug-17,788,Information Architect,Operations,Records Management - Wisdom
Jul-17,789,Deputy IT Security Officer,Finance and Performance,Security
Aug-17,790,Deputy IT Security Officer,Operations,Security
Aug-17,791,Deputy IT Security Officer,Operations,Security
Aug-17,792,Deputy IT Security Officer,Openness Data and Digital,Security
Aug-17,793,Information Architect,Wales and Regulatory Delivery,Records Management - Wisdom
Aug-17,794,Information Architect,Regulatory and Legal Strategy,Records Management - Wisdom
Aug-17,795,Deputy IT Security Officer,External Requester ,Security
Aug-17,796,Information Management Caseworker,Regulatory and Legal Strategy,Records Management - Other
Aug-17,797,Deputy IT Security Officer,Openness Data and Digital,Security
Aug-17,798,Information Architect,Operations,Records Management - Wisdom
Aug-17,799,Deputy IT Security Officer,Regulatory and Legal Strategy,Security
Aug-17,800,Deputy IT Security Officer,Regulatory and Legal Strategy,Security
Jun-17,801,Security Manager,Policy and Science,Security
Aug-17,802,Information Architect,Policy and Science,Records Management - Wisdom
Aug-17,803,Information Management Caseworker,Regulatory and Legal Strategy,Records Management - Other
Aug-17,804,Deputy IT Security Officer,Private Office,Security
Aug-17,805,Information Management Caseworker,External Requester ,Information Governance
Aug-17,806,Deputy IT Security Officer,Finance and Performance,Security
Aug-17,807,Deputy IT Security Officer,Operations,Security
Aug-17,808,Information & security Team Leader,Operations,Information Governance
Aug-17,809,Security Manager,Finance and Performance,Information Governance
Aug-17,810,Deputy IT Security Officer,Operations,Security
Aug-17,811,Information Management Caseworker,Finance and Performance,Security
Aug-17,812,Deputy IT Security Officer,Operations,Security
Aug-17,813,Security Manager,Private Office,Information Governance
Aug-17,814,Information Architect,Regulatory and Legal Strategy,Records Management - Wisdom
Aug-17,815,Information Architect,Wales and Regulatory Delivery,Records Management - Wisdom
Aug-17,816,Deputy IT Security Officer,Openness Data and Digital,Security
Sep-17,817,Deputy IT Security Officer,Finance and Performance,Security
Sep-17,818,Deputy IT Security Officer,Openness Data and Digital,Security
Sep-17,819,Deputy IT Security Officer,External Requester ,Security
Jul-17,820,Information & security Team Leader,Regulatory and Legal Strategy,Information Governance
Jul-17,821,Information & security Team Leader,Operations,Information Governance
Sep-17,822,Deputy IT Security Officer,Operations,Security
Sep-17,823,Information Architect,Regulatory and Legal Strategy,Records Management - Wisdom
Sep-17,824,Information Architect,Regulatory and Legal Strategy,Records Management - Wisdom
Sep-17,825,Deputy IT Security Officer,External Requester ,Security
Sep-17,826,Information & security Team Leader,Openness Data and Digital,Security
Sep-17,827,Deputy IT Security Officer,Operations,Security
Sep-17,828,Deputy IT Security Officer,NI and Organisational Development,Security
Sep-17,829,Information Architect,Wales and Regulatory Delivery,Records Management - Wisdom
Sep-17,830,Information Management Caseworker,External Requester ,Records Management - Other
Sep-17,831,Security Manager,External Requester ,Security
Aug-17,832,Information Architect,Operations,Records Management - Wisdom
Sep-17,833,Security Manager,Wales and Regulatory Delivery,Security
Sep-17,834,Information Architect,NI and Organisational Development,Records Management - Other
Sep-17,835,Information & security Team Leader,Regulatory and Legal Strategy,Information Governance
Sep-17,836,Information Management Caseworker,Regulatory and Legal Strategy,Records Management - Other
Sep-17,837,Information Governance Manager,Regulatory and Legal Strategy,Security
Sep-17,838,Security Manager,Regulatory and Legal Strategy,Information Governance
Sep-17,839,Information Architect,Regulatory and Legal Strategy,Records Management - Wisdom
Sep-17,848,Deputy IT Security Officer,Private Office,Information Governance
Sep-17,841,Deputy IT Security Officer,Operations,Information Governance
Sep-17,842,Information Management Caseworker,Regulatory and Legal Strategy,Records Management - Other
Aug-17,843,Information Architect,Operations,Records Management - Wisdom
Sep-17,844,Information Management Caseworker,Regulatory and Legal Strategy,Records Management - Other
Sep-17,845,Security Manager,Operations,Security
Sep-17,846,Information Architect,NI and Organisational Development,Records Management - Wisdom
Sep-17,847,Security Manager,External Requester ,Security
Oct-17,913,Deputy IT Security Officer,Operations,Security
Sep-17,849,Security Manager,External Requester ,Security
Sep-17,850,Security Manager,External Requester ,Security
Sep-17,851,Information Architect,Operations,Records Management - Wisdom
Sep-17,852,Information Architect,Regulatory and Legal Strategy,Records Management - Wisdom
Sep-17,853,Information Architect,Finance and Performance,Records Management - Wisdom
Sep-17,854,Information Architect,Policy and Science,Records Management - Wisdom
Sep-17,855,Information Architect,Regulatory and Legal Strategy,Records Management - Wisdom
Sep-17,856,Information & security Team Leader,Policy and Science,Security
Sep-17,857,Information Architect,Operations,Records Management - Wisdom
Sep-17,858,Information Architect,Wales and Regulatory Delivery,Records Management - Wisdom
Sep-17,859,Information Management Caseworker,Finance and Performance,Records Management - Other
Sep-17,860,Information & security Team Leader,External Requester ,Information Governance
Sep-17,861,Security Manager,Openness Data and Digital,Security
Sep-17,862,Information Architect,Regulatory and Legal Strategy,Records Management - Wisdom
Sep-17,863,Information & security Team Leader,Wales and Regulatory Delivery,Information Governance
Sep-17,864,Security Manager,External Requester ,Security
Sep-17,865,Information Architect,Regulatory and Legal Strategy,Records Management - Wisdom
Sep-17,866,Deputy IT Security Officer,Operations,Security
Sep-17,867,Deputy IT Security Officer,Openness Data and Digital,Security
Sep-17,868,Security Manager,Regulatory and Legal Strategy,Security
Sep-17,869,Information Management Caseworker,Finance and Performance,Information Governance
Sep-17,870,Information Governance Manager,Openness Data and Digital,Information Governance
Sep-17,871,Information Management Caseworker,Finance and Performance,Records Management - Other
Sep-17,872,Information Management Caseworker,Finance and Performance,Records Management - Other
Sep-17,873,Information Management Caseworker,Regulatory and Legal Strategy,Records Management - Other
Sep-17,874,Information & security Team Leader,Finance and Performance,Records Management - Other
Sep-17,875,Information Architect,Openness Data and Digital,Records Management - Wisdom
Sep-17,876,Information Architect,Wales and Regulatory Delivery,Records Management - Wisdom
Sep-17,877,Information Architect,Finance and Performance,Records Management - Wisdom
Sep-17,878,Information & security Team Leader,Finance and Performance,Records Management - Other
Sep-17,879,Information Architect,Private Office,Records Management - Wisdom
Sep-17,880,Information Architect,Openness Data and Digital,Records Management - Wisdom
Sep-17,881,Information Architect,Finance and Performance,Records Management - Wisdom
Sep-17,882,Information Architect,Finance and Performance,Records Management - Wisdom
Sep-17,883,Information & security Team Leader,Policy and Science,Records Management - Other
Sep-17,884,Information & security Team Leader,Policy and Science,Records Management - Other
Sep-17,885,Information & security Team Leader,Policy and Science,Records Management - Other
Sep-17,886,Information Architect,Operations,Records Management - Wisdom
Sep-17,887,Security Manager,Private Office,Security
Sep-17,888,Information Architect,Regulatory and Legal Strategy,Records Management - Wisdom
Sep-17,889,Information Governance Manager,Regulatory and Legal Strategy,Information Governance
Sep-17,890,Security Manager,NI and Organisational Development,Security
Sep-17,891,Information Architect,Private Office,Records Management - Other
Sep-17,892,Information Architect,Wales and Regulatory Delivery,Records Management - Wisdom
Sep-17,893,Information Architect,Openness Data and Digital,Records Management - Wisdom
Sep-17,894,Information Architect,Wales and Regulatory Delivery,Records Management - Wisdom
Sep-17,895,Information Architect,Finance and Performance,Records Management - Wisdom
Sep-17,896,Deputy IT Security Officer,Regulatory and Legal Strategy,Security
Sep-17,897,Security Manager,External Requester ,Security
Sep-17,898,Security Manager,Finance and Performance,Security
Sep-17,899,Information Management Caseworker,Policy and Science,Security
Sep-17,900,Information Architect,Policy and Science,Records Management - Wisdom
Sep-17,901,Information Architect,Operations,Records Management - Wisdom
Sep-17,902,Deputy IT Security Officer,Private Office,Security
Sep-17,903,Deputy IT Security Officer,Private Office,Security
Sep-17,904,Information Architect,NI and Organisational Development,Records Management - Wisdom
Sep-17,905,Information Governance Manager,Openness Data and Digital,Information Governance
Sep-17,906,Security Manager,Openness Data and Digital,Security
Sep-17,907,Security Manager,Finance and Performance,Security
Sep-17,908,Information Architect,Wales and Regulatory Delivery,Records Management - Wisdom
Sep-17,909,Security Manager,NI and Organisational Development,Security
Oct-17,910,Information Architect,Operations,Records Management - Wisdom
Oct-17,911,Information Architect,Regulatory and Legal Strategy,Records Management - Wisdom
Oct-17,912,Head of Information Management ,Policy and Science,Records Management - Other
Oct-17,942,Deputy IT Security Officer,Openness Data and Digital,Security
Oct-17,914,Deputy IT Security Officer,Openness Data and Digital,Security
Sep-17,915,Deputy IT Security Officer,Openness Data and Digital,Security
Sep-17,916,Deputy IT Security Officer,Regulatory and Legal Strategy,Security
Oct-17,917,Information Architect,Policy and Science,Records Management - Other
Oct-17,918,Information Architect,Policy and Science,Records Management - Wisdom
Oct-17,919,Information Management Caseworker,Operations,Security
Oct-17,920,Security Manager,Finance and Performance,Security
Oct-17,921,Security Manager,Regulatory and Legal Strategy,Security
Oct-17,922,Information Architect,Regulatory and Legal Strategy,Records Management - Wisdom
Oct-17,923,Information Architect,Openness Data and Digital,Records Management - Wisdom
Oct-17,924,Information Management Caseworker,NI and Organisational Development,Information Governance
Oct-17,925,Information Architect,Policy and Science,Records Management - Wisdom
Oct-17,926,Information Governance Manager,Policy and Science,Information Governance
Oct-17,927,Deputy IT Security Officer,Finance and Performance,Security
Oct-17,928,Deputy IT Security Officer,External Requester ,Security
Oct-17,929,Information Architect,Openness Data and Digital,Security
Oct-17,930,Security Manager,Openness Data and Digital,Security
Oct-17,931,Information Architect,External Requester ,Records Management - Wisdom
Oct-17,932,Information Architect,External Requester ,Records Management - Wisdom
Oct-17,933,Information Architect,Wales and Regulatory Delivery,Records Management - Wisdom
Oct-17,934,Information Architect,Finance and Performance,Records Management - Wisdom
Oct-17,935,Information Architect,Finance and Performance,Records Management - Wisdom
Oct-17,936,Information Management Caseworker,Operations,Records Management - Wisdom
Oct-17,937,Information Architect,NI and Organisational Development,Records Management - Wisdom
Oct-17,938,Security Manager,Policy and Science,Security
Oct-17,939,Security Manager,Finance and Performance,Security
Oct-17,940,Deputy IT Security Officer,Private Office,Security
Oct-17,941,Deputy IT Security Officer,Policy and Science,Security
Nov-17,1018,Deputy IT Security Officer,External Requester ,Security
Oct-17,943,Information & security Team Leader,Operations,Records Management - Wisdom
Oct-17,944,Information & security Team Leader,NI and Organisational Development,Security
Oct-17,945,Security Manager,External Requester ,Records Management - Wisdom
Oct-17,946,Security Manager,Openness Data and Digital,Security
Oct-17,947,Information Architect,Operations,Records Management - Wisdom
Oct-17,948,Information Management Caseworker,Finance and Performance,Records Management - Other
Oct-17,949,Information Management Caseworker,Policy and Science,Information Governance
Oct-17,950,Deputy IT Security Officer,External Requester ,Security
Oct-17,951,Information & security Team Leader,Openness Data and Digital,Information Governance
Oct-17,952,Information Architect,Operations,Records Management - Wisdom
Oct-17,953,Information Architect,Openness Data and Digital,Records Management - Wisdom
Oct-17,954,Information Management Caseworker,Regulatory and Legal Strategy,Information Governance
Oct-17,955,Information Architect,Operations,Records Management - Wisdom
Oct-17,956,Information Architect,Finance and Performance,Records Management - Wisdom
Oct-17,957,Information Architect,Finance and Performance,Records Management - Wisdom
Oct-17,958,Information Architect,Policy and Science,Records Management - Wisdom
Oct-17,959,Information Management Caseworker,Regulatory and Legal Strategy,Records Management - Other
Oct-17,960,Information Governance Manager,Operations,Information Governance
Oct-17,961,Information & security Team Leader,Policy and Science,Records Management - Other
Oct-17,962,Security Manager,Openness Data and Digital,Security
Oct-17,963,Deputy IT Security Officer,Regulatory and Legal Strategy,Security
Oct-17,964,Information Architect,Policy and Science,Records Management - Other
Sep-17,965,Information Management Caseworker,Openness Data and Digital,Information Governance
Oct-17,966,Information & security Team Leader,Finance and Performance,Records Management - Other
Oct-17,967,Security Manager,Regulatory and Legal Strategy,Security
Sep-17,968,Information Governance Manager,Openness Data and Digital,Information Governance
Oct-17,969,Information Architect,Regulatory and Legal Strategy,Records Management - Wisdom
Oct-17,970,Information & security Team Leader,Wales and Regulatory Delivery,Records Management - Other
Oct-17,971,Deputy IT Security Officer,Operations,Security
Oct-17,972,Information Management Caseworker,Operations,Information Governance
Sep-17,973,Information Governance Manager,Finance and Performance,Information Governance
Oct-17,974,Information Architect,NI and Organisational Development,Records Management - Wisdom
Oct-17,975,Information Management Caseworker,Operations,Records Management - Other
Oct-17,976,Information Governance Manager,Regulatory and Legal Strategy,Records Management - Other
Oct-17,977,Information Management Caseworker,Wales and Regulatory Delivery,Records Management - Other
Oct-17,978,Information Architect,Openness Data and Digital,Records Management - Wisdom
Oct-17,979,Security Manager,Finance and Performance,Security
Oct-17,980,Deputy IT Security Officer,Wales and Regulatory Delivery,Security
Oct-17,981,Information Architect,Wales and Regulatory Delivery,Records Management - Wisdom
Nov-17,982,Information & security Team Leader,Operations,Records Management - Other
Nov-17,983,Information Management Caseworker,Wales and Regulatory Delivery,Information Governance
Oct-17,984,Security Manager,Openness Data and Digital,Security
Oct-17,985,Security Manager,External Requester ,Security
Oct-17,986,Information Architect,Openness Data and Digital,Records Management - Wisdom
Oct-17,987,Information Architect,Finance and Performance,Records Management - Wisdom
Oct-17,988,Information Architect,Policy and Science,Records Management - Wisdom
Oct-17,989,Information Governance Manager,Openness Data and Digital,Information Governance
Oct-17,990,Deputy IT Security Officer,Regulatory and Legal Strategy,Security
Oct-17,991,Security Manager,External Requester ,Security
Oct-17,992,Security Manager,External Requester ,Security
Oct-17,993,Information Architect,Policy and Science,Records Management - Wisdom
Oct-17,994,Information Management Caseworker,Openness Data and Digital,Records Management - Other
Oct-17,995,Information Management Caseworker,Policy and Science,Records Management - Other
Oct-17,996,Information Management Caseworker,Policy and Science,Information Governance
Oct-17,997,Information Architect,Operations,Records Management - Wisdom
Oct-17,998,Deputy IT Security Officer,Operations,Security
Oct-17,999,Information Architect,Private Office,Records Management - Wisdom
Oct-17,1000,Information Architect,Wales and Regulatory Delivery,Records Management - Wisdom
Oct-17,1001,Information Architect,Regulatory and Legal Strategy,Records Management - Wisdom
Oct-17,1002,Information & security Team Leader,Operations,Information Governance
Oct-17,1003,Information Architect,Regulatory and Legal Strategy,Records Management - Wisdom
Oct-17,1004,Information Architect,Operations,Records Management - Other
Oct-17,1005,Information & security Team Leader,Openness Data and Digital,Information Governance
Oct-17,1006,Deputy IT Security Officer,Private Office,Security
Oct-17,1007,Deputy IT Security Officer,Regulatory and Legal Strategy,Security
Oct-17,1008,Deputy IT Security Officer,Operations,Security
Oct-17,1009,Deputy IT Security Officer,Openness Data and Digital,Security
Oct-07,1010,Information Architect,Regulatory and Legal Strategy,Records Management - Wisdom
Oct-17,1011,Information Architect,Policy and Science,Records Management - Wisdom
Oct-17,1012,Information & security Team Leader,Operations,Records Management - Other
Nov-17,1013,Security Manager,Wales and Regulatory Delivery,Security
Nov-17,1014,Head of Information Management ,Policy and Science,Records Management - Other
Nov-17,1015,Security Manager,Finance and Performance,Security
Nov-17,1016,Security Manager,Finance and Performance,Security
Nov-17,1017,Deputy IT Security Officer,External Requester ,Security
Nov-17,1045,Deputy IT Security Officer,Wales and Regulatory Delivery,Security
Nov-17,1019,Information Architect,Finance and Performance,Information Governance
Nov-17,1020,Information Architect,Regulatory and Legal Strategy,Records Management - Other
Nov-17,1021,Information Architect,Policy and Science,Records Management - Wisdom
Nov-17,1022,Information Architect,Policy and Science,Records Management - Wisdom
Nov-17,1023,Information Architect,Policy and Science,Records Management - Wisdom
Nov-17,1024,Information Architect,Operations,Records Management - Other
Oct-17,1025,Deputy IT Security Officer,External Requester ,Security
Nov-17,1026,Deputy IT Security Officer,Openness Data and Digital,Security
Nov-17,1027,Information Architect,Policy and Science,Records Management - Wisdom
Nov-17,1028,Information Architect,Policy and Science,Records Management - Wisdom
Nov-17,1029,Information Architect,Policy and Science,Records Management - Wisdom
Nov-17,1030,Security Manager,Finance and Performance,Security
Nov-17,1031,Security Manager,External Requester ,Security
Nov-17,1032,Information Architect,Regulatory and Legal Strategy,Records Management - Wisdom
Nov-17,1033,Information Architect,Regulatory and Legal Strategy,Records Management - Wisdom
Nov-17,1034,Security Manager,Policy and Science,Security
Nov-17,1035,Information Governance Manager,Policy and Science,Information Governance
Nov-17,1036,Security Manager,External Requester ,Security
Nov-17,1037,Information Management Caseworker,Openness Data and Digital,Information Governance
Nov-17,1038,Information Management Caseworker,Regulatory and Legal Strategy,Information Governance
Nov-17,1039,Information Governance Manager,External Requester ,Information Governance
Nov-17,1040,Information Governance Manager,External Requester ,Information Governance
Nov-17,1041,Information Architect,Finance and Performance,Records Management - Wisdom
Nov-17,1042,Information Management Caseworker,Wales and Regulatory Delivery,Records Management - Other
Nov-17,1043,Security Manager,Wales and Regulatory Delivery,Security
Nov-17,1044,Security Manager,NI and Organisational Development,Security
Nov-17,1051,Deputy IT Security Officer,External Requester ,Security
Nov-17,1046,Information Architect,Wales and Regulatory Delivery,Records Management - Wisdom
Nov-17,1047,Security Manager,Finance and Performance,Security
Nov-17,1048,Information Management Caseworker,Private Office,Records Management - Other
Nov-17,1049,Information & security Team Leader,Wales and Regulatory Delivery,Records Management - Other
Nov-17,1050,Security Manager,Openness Data and Digital,Records Management - Other
Nov-17,1073,Deputy IT Security Officer,Operations,Security
Nov-17,1052,Deputy IT Security Officer,Openness Data and Digital,Security
Nov-17,1053,Information Architect,Openness Data and Digital,Information Governance
Nov-17,1054,Information & security Team Leader,Regulatory and Legal Strategy,Records Management - Other
Nov-17,1055,Information & security Team Leader,Openness Data and Digital,Information Governance
Nov-17,1056,Information & security Team Leader,Finance and Performance,Records Management - Wisdom
Nov-17,1057,Information Governance Manager,Operations,Information Governance
Oct-17,1058,Deputy IT Security Officer,External Requester ,Security
Nov-17,1059,Deputy IT Security Officer,Operations,Security
Nov-17,1060,Information & security Team Leader,Operations,Records Management - Other
Nov-17,1061,Information Management Caseworker,Policy and Science,Records Management - Other
Nov-17,1062,Information & security Team Leader,Finance and Performance,Records Management - Other
Nov-17,1063,Information Management Caseworker,Operations,Records Management - Wisdom
Nov-17,1064,Information Management Caseworker,Openness Data and Digital,Information Governance
Nov-17,1065,Deputy IT Security Officer,Operations,Security
Nov-17,1066,Information Management Caseworker,External Requester ,Records Management - Other
Nov-17,1067,Security Manager,Wales and Regulatory Delivery,Information Governance
Nov-17,1068,Information & security Team Leader,Private Office,Records Management - Wisdom
Nov-17,1069,Security Manager,Finance and Performance,Security
Nov-17,1070,Information Management Caseworker,Operations,Records Management - Other
Nov-17,1071,Information Governance Manager,Finance and Performance,Records Management - Other
Nov-17,1072,Information Governance Manager,Policy and Science,Records Management - Other
Nov-17,1079,Deputy IT Security Officer,Regulatory and Legal Strategy,Security
Nov-17,1074,Security Manager,Regulatory and Legal Strategy,Security
Nov-17,1075,Information Management Caseworker,Wales and Regulatory Delivery,Records Management - Wisdom
Nov-17,1076,Information Governance Manager,Finance and Performance,Information Governance
Nov-17,1077,Deputy IT Security Officer,External Requester ,Security
Nov-17,1078,Security Manager,Finance and Performance,Security
Nov-17,1107,Deputy IT Security Officer,Finance and Performance,Security
Nov-17,1080,Information Governance Manager,Wales and Regulatory Delivery,Information Governance
Nov-17,1081,Information & security Team Leader,Openness Data and Digital,Information Governance
Nov-17,1082,Information Management Caseworker,Openness Data and Digital,Records Management - Other
Nov-17,1083,Information Management Caseworker,Policy and Science,Records Management - Wisdom
Nov-17,1084,Information & security Team Leader,External Requester ,Records Management - Other
Nov-17,1085,Information & security Team Leader,Finance and Performance,Records Management - Other
Nov-17,1086,Information & security Team Leader,Regulatory and Legal Strategy,Information Governance
Nov-17,1087,Information & security Team Leader,Policy and Science,Records Management - Other
Nov-17,1088,Information Management Caseworker,External Requester ,Records Management - Wisdom
Nov-17,1089,Information Architect,Regulatory and Legal Strategy,Records Management - Wisdom
Nov-17,1090,Information Management Caseworker,External Requester ,Information Governance
Nov-17,1091,Information Management Caseworker,Finance and Performance,Information Governance
Nov-17,1092,Information Architect,Finance and Performance,Records Management - Wisdom
Nov-17,1093,Deputy IT Security Officer,Regulatory and Legal Strategy,Security
Nov-17,1094,Information & security Team Leader,Private Office,Records Management - Wisdom
Nov-17,1095,Security Manager,Openness Data and Digital,Security
Nov-17,1096,Information & security Team Leader,Openness Data and Digital,Security
Nov-17,1097,Security Manager,Openness Data and Digital,Security
Nov-17,1098,Information Management Caseworker,Finance and Performance,Records Management - Other
Nov-17,1099,Information & security Team Leader,Finance and Performance,Records Management - Other
Nov-17,1100,Information Management Caseworker,Finance and Performance,Records Management - Wisdom
Nov-17,1101,Security Manager,NI and Organisational Development,Security
Nov-17,1102,Security Manager,NI and Organisational Development,Security
Nov-17,1103,Information Architect,Policy and Science,Records Management - Wisdom
Oct-17,1104,Deputy IT Security Officer,External Requester ,Security
Nov-17,1105,Deputy IT Security Officer,Openness Data and Digital,Security
Nov-17,1106,Deputy IT Security Officer,Regulatory and Legal Strategy,Security
Sep-17,840,Deputy IT Security Officer,Operations,Information Governance
Nov-17,1108,Information Architect,Operations,Records Management - Wisdom
Nov-17,1109,Information Architect,Operations,Records Management - Wisdom
Nov-17,1110,Information Architect,Regulatory and Legal Strategy,Records Management - Wisdom
Nov-17,1111,Information Governance Manager,Openness Data and Digital,Information Governance
Nov-17,1112,Information Governance Manager,Openness Data and Digital,Information Governance
Oct-17,1113,Information Governance Manager,Openness Data and Digital,Information Governance
Oct-17,1114,Information Governance Manager,Policy and Science,Information Governance
Oct-17,1115,Information Governance Manager,Openness Data and Digital,Information Governance
Sep-17,1116,Information & security Team Leader,Wales and Regulatory Delivery,Information Governance
Nov-17,1117,Information Architect,Finance and Performance,Records Management - Wisdom
Nov-17,1118,Information Architect,Finance and Performance,Records Management - Wisdom
Oct-17,1119,Information Governance Manager,Regulatory and Legal Strategy,Information Governance
Dec-17,1120,Information & security Team Leader,Operations,Records Management - Other
Nov-17,1121,Information Governance Manager,Policy and Science,Information Governance
Dec-17,1122,Security Manager,Openness Data and Digital,Security
Dec-17,1123,Security Manager,Openness Data and Digital,Security
Dec-17,1124,Information Architect,Wales and Regulatory Delivery,Records Management - Wisdom
Oct-17,1125,Deputy IT Security Officer,Regulatory and Legal Strategy,Security
Dec-17,1126,Information & security Team Leader,Policy and Science,Records Management - Other
Nov-17,1127,Information & security Team Leader,Regulatory and Legal Strategy,Records Management - Other
Dec-17,1128,Information Architect,Finance and Performance,Records Management - Wisdom
Dec-17,1129,Information Architect,Regulatory and Legal Strategy,Records Management - Other
Dec-17,1130,Information Architect,Wales and Regulatory Delivery,Records Management - Wisdom
Dec-17,1131,Information Architect,Regulatory and Legal Strategy,Records Management - Wisdom
Dec-17,1132,Information Architect,Finance and Performance,Records Management - Wisdom
Dec-17,1133,Information Architect,Finance and Performance,Records Management - Wisdom
Dec-17,1134,Deputy IT Security Officer,Regulatory and Legal Strategy,Security
Dec-17,1135,Security Manager,Regulatory and Legal Strategy,Security
Dec-17,1136,Deputy IT Security Officer,Openness Data and Digital,Security
Dec-17,1137,Information Architect,Operations,Records Management - Wisdom
Dec-17,1138,Deputy IT Security Officer,Regulatory and Legal Strategy,Security
Dec-17,1139,Information Architect,Wales and Regulatory Delivery,Records Management - Wisdom
Dec-17,1140,Information Architect,Regulatory and Legal Strategy,Records Management - Wisdom
Dec-17,1141,Information & security Team Leader,Regulatory and Legal Strategy,Records Management - Other
Dec-17,1142,Security Manager,Operations,Security
Dec-17,1143,Information Management Caseworker,Finance and Performance,Records Management - Other
Dec-17,1144,Security Manager,Openness Data and Digital,Security
Dec-17,1145,Information Governance Manager,Policy and Science,Information Governance
Dec-17,1146,Information Architect,Operations,Records Management - Wisdom
Dec-17,1147,Information Governance Manager,Policy and Science,Information Governance
Dec-17,1148,Security Manager,Openness Data and Digital,Security
Dec-17,1149,Information Architect,NI and Organisational Development,Records Management - Wisdom
Dec-17,1150,Security Manager,Finance and Performance,Security
Dec-17,1151,Security Manager,Openness Data and Digital,Security
Dec-17,1152,Information Architect,NI and Organisational Development,Records Management - Wisdom
Dec-17,1153,Information Architect,NI and Organisational Development,Records Management - Wisdom
Dec-17,1154,Security Manager,Openness Data and Digital,Information Governance
Dec-17,1155,Information Architect,NI and Organisational Development,Records Management - Other
Dec-17,1156,Information Architect,Wales and Regulatory Delivery,Records Management - Wisdom
Dec-17,1157,Information Architect,Regulatory and Legal Strategy,Records Management - Other
Dec-17,1158,Information Architect,Openness Data and Digital,Records Management - Wisdom
Dec-17,1159,Information Architect,Regulatory and Legal Strategy,Records Management - Wisdom
Dec-17,1160,Information Architect,Operations,Records Management - Wisdom
Dec-17,1161,Deputy IT Security Officer,Regulatory and Legal Strategy,Records Management - Other
Dec-17,1162,Deputy IT Security Officer,Finance and Performance,Security
Dec-17,1163,Deputy IT Security Officer,Private Office,Security
Dec-17,1164,Deputy IT Security Officer,Finance and Performance,Security
Dec-17,1165,Deputy IT Security Officer,Policy and Science,Security
Dec-17,1166,Deputy IT Security Officer,Regulatory and Legal Strategy,Security
Dec-17,1167,Deputy IT Security Officer,Regulatory and Legal Strategy,Security
Dec-17,1168,Information Management Caseworker,Policy and Science,Records Management - Other
Dec-17,1169,Information Management Caseworker,Policy and Science,Information Governance
Dec-17,1170,Information Architect,Wales and Regulatory Delivery,Security
Dec-17,1171,Information Management Caseworker,Policy and Science,Records Management - Other
Dec-17,1172,Information Architect,NI and Organisational Development,Records Management - Wisdom
Dec-17,1173,Information Management Caseworker,Policy and Science,Records Management - Other
Dec-17,1174,Information Management Caseworker,Policy and Science,Records Management - Other
Dec-17,1175,Security Manager,External Requester ,Security
Dec-17,1176,Information Management Caseworker,Finance and Performance,Information Governance
Dec-17,1177,Information Management Caseworker,Regulatory and Legal Strategy,Records Management - Other
Dec-17,1178,Information Management Caseworker,Regulatory and Legal Strategy,Information Governance
Dec-17,1179,Information Management Caseworker,External Requester ,Records Management - Other
Dec-17,1180,Information Management Caseworker,External Requester ,Records Management - Other
Dec-17,1181,Information Management Caseworker,Regulatory and Legal Strategy,Records Management - Other
Dec-17,1182,Information Management Caseworker,Policy and Science,Records Management - Other
Dec-17,1183,Information Architect,Regulatory and Legal Strategy,Records Management - Wisdom
Dec-17,1184,Information Management Caseworker,Finance and Performance,Records Management - Other
Dec-17,1185,Deputy IT Security Officer,Policy and Science,Records Management - Other
Dec-17,1186,Information Architect,Policy and Science,Records Management - Other
Dec-17,1187,Deputy IT Security Officer,Regulatory and Legal Strategy,Security
Dec-17,1188,Information Governance Manager,External Requester ,Information Governance
Dec-17,1189,Information Management Caseworker,Openness Data and Digital,Information Governance
Dec-17,1190,Information Management Caseworker,Openness Data and Digital,Records Management - Other
Dec-17,1191,Deputy IT Security Officer,Finance and Performance,Security
Dec-17,1192,Information Architect,Finance and Performance,Records Management - Wisdom
Dec-17,1193,Information Architect,Operations,Records Management - Wisdom
Dec-17,1194,Security Manager,Openness Data and Digital,Security
Dec-17,1195,Deputy IT Security Officer,Policy and Science,Security
Dec-17,1196,Information Architect,Policy and Science,Records Management - Wisdom
Dec-17,1197,Information Architect,Regulatory and Legal Strategy,Records Management - Wisdom
Dec-17,1198,Security Manager,Openness Data and Digital,Security
Dec-17,1199,Information Architect,Regulatory and Legal Strategy,Records Management - Wisdom
Dec-17,1200,Security Manager,Regulatory and Legal Strategy,Security
Dec-17,1201,Information Architect,External Requester ,Records Management - Wisdom
Dec-17,1202,Information Architect,Operations,Records Management - Wisdom
Dec-17,1203,Information Architect,Regulatory and Legal Strategy,Records Management - Wisdom
Dec-17,1204,Information Architect,Policy and Science,Records Management - Other
Dec-17,1205,Information Architect,Operations,Records Management - Wisdom
Dec-17,1206,Security Manager,Openness Data and Digital,Security
Dec-17,1207,Security Manager,Openness Data and Digital,Security
Dec-17,1208,Information Architect,Policy and Science,Records Management - Other
Dec-17,1209,Information Architect,Openness Data and Digital,Records Management - Other
Dec-17,1210,Security Manager,External Requester ,Security
Dec-17,1211,Information Architect,Openness Data and Digital,Records Management - Wisdom
Dec-17,1212,Information Architect,External Requester ,Records Management - Wisdom
Dec-17,1213,Deputy IT Security Officer,External Requester ,Security
Dec-17,1214,Deputy IT Security Officer,Operations,Security
Dec-17,1215,Deputy IT Security Officer,Openness Data and Digital,Security
Dec-17,1216,Deputy IT Security Officer,Finance and Performance,Security
Dec-17,1217,Deputy IT Security Officer,Operations,Security
Dec-17,1218,Deputy IT Security Officer,Operations,Security
Dec-17,1219,Information Architect,Finance and Performance,Records Management - Wisdom
Dec-17,1220,Information Governance Manager,Policy and Science,Information Governance
Dec-17,1221,Information Governance Manager,External Requester ,Information Governance
Dec-17,1222,Information & security Team Leader,Finance and Performance,Records Management - Other
